2018-04-16 15:15:27.034088,-1145,29.3,"[1.0, 3.5, 0.0, 1.5]"
2018-04-16 15:15:29.047380,-1145,29.3,"[2.0, 0.0, 0.0, 1.0]"
2018-04-16 15:15:31.059866,-1146,29.3,"[1.5, 0.5, 0.0, 0.5]"
2018-04-16 15:15:33.072412,-1146,29.3,"[2.0, 0.0, 0.0, 2.0]"
2018-04-16 15:15:35.084865,-1146,29.3,"[0.5, 0.0, 0.0, 0.0]"
2018-04-16 15:15:37.097457,-1146,29.3,"[1.5, 0.0, 0.0, 1.0]"
2018-04-16 15:15:39.109819,-1146,29.3,"[0.0, 0.0, 0.0, 1.5]"
2018-04-16 15:15:41.122179,-1146,29.3,"[1.5, 0.0, 0.0, 2.0]"
2018-04-16 15:15:43.134487,-1146,29.3,"[1.0, 0.0, 0.0, 0.5]"
2018-04-16 15:15:45.146909,-1146,29.3,"[2.5, 0.0, 0.0, 0.0]"
2018-04-16 15:15:47.159134,-1146,29.3,"[1.0, 0.0, 0.0, 1.0]"
2018-04-16 15:15:49.171469,-1146,29.3,"[2.0, 0.0, 0.0, 0.5]"
2018-04-16 15:15:51.183687,-1147,29.3,"[1.0, 0.0, 0.0, 0.0]"
2018-04-16 15:15:53.196180,-1147,29.3,"[1.5, 0.0, 0.0, 0.5]"
2018-04-16 15:15:55.208411,-1147,29.3,"[0.0, 0.0, 0.0, 1.0]"
2018-04-16 15:15:57.220693,-1147,29.3,"[2.5, 0.0, 0.0, 0.0]"
2018-04-16 15:15:59.232883,-1147,29.3,"[1.0, 0.0, 0.0, 0.0]"
2018-04-16 15:16:01.245490,-1147,29.3,"[4.4, 0.5, 0.0, 0.5]"
2018-04-16 15:16:03.257480,-1147,29.3,"[2.0, 1.5, 0.0, 1.5]"
2018-04-16 15:16:05.268944,-1147,29.3,"[8.8, 3.0, 0.0, 3.0]"
2018-04-16 15:16:07.278537,-1147,29.3,"[0.0, 1.0, 0.5, 0.5]"
2018-04-16 15:16:09.290853,-1148,29.3,"[1.5, 0.5, 0.0, 1.0]"
2018-04-16 15:16:11.303181,-1148,29.3,"[0.5, 0.5, 0.0, 0.0]"
2018-04-16 15:16:13.315838,-1148,29.3,"[2.0, 0.0, 0.0, 0.0]"
2018-04-16 15:16:15.328060,-1148,29.3,"[0.5, 0.5, 0.0, 1.0]"
2018-04-16 15:16:17.340352,-1148,29.3,"[2.5, 0.0, 0.0, 1.0]"
2018-04-16 15:16:19.352635,-1148,29.3,"[0.0, 0.5, 0.0, 0.0]"
2018-04-16 15:16:21.365531,-1148,29.3,"[1.5, 2.0, 0.0, 0.0]"
2018-04-16 15:16:23.377509,-1148,29.3,"[0.0, 0.0, 0.0, 1.0]"
2018-04-16 15:16:25.389041,-1148,29.3,"[0.5, 2.0, 0.0, 0.5]"
2018-04-16 15:16:27.401606,-1148,29.3,"[1.0, 1.0, 0.5, 0.0]"
2018-04-16 15:16:29.413872,-1148,29.3,"[1.0, 0.5, 0.0, 1.5]"
2018-04-16 15:16:31.426307,-1148,29.3,"[0.5, 0.0, 0.0, 1.0]"
2018-04-16 15:16:33.437526,-1149,29.3,"[1.5, 0.0, 0.0, 0.0]"
2018-04-16 15:16:35.450018,-1148,29.3,"[1.0, 0.0, 0.0, 0.0]"
2018-04-16 15:16:37.462477,-1149,29.3,"[1.5, 0.5, 0.0, 1.0]"
2018-04-16 15:16:39.475063,-1149,29.3,"[0.5, 0.5, 0.0, 0.5]"
2018-04-16 15:16:41.487369,-1149,29.3,"[1.0, 0.5, 0.0, 0.5]"
2018-04-16 15:16:43.499664,-1149,29.3,"[1.0, 1.0, 0.0, 0.0]"
2018-04-16 15:16:45.511868,-1149,29.3,"[1.0, 1.0, 0.0, 0.0]"
2018-04-16 15:16:47.524100,-1149,29.3,"[0.5, 0.5, 0.0, 0.0]"
2018-04-16 15:16:49.536483,-1149,29.3,"[2.5, 0.0, 0.0, 0.0]"
2018-04-16 15:16:51.548702,-1149,29.3,"[1.0, 0.0, 0.0, 0.0]"
2018-04-16 15:16:53.561407,-1149,29.3,"[1.5, 0.5, 0.0, 0.0]"
2018-04-16 15:16:55.573636,-1150,29.3,"[1.5, 0.5, 0.0, 0.0]"
2018-04-16 15:16:57.586347,-1149,29.3,"[1.5, 0.0, 0.0, 0.0]"
2018-04-16 15:16:59.598534,-1150,29.3,"[2.5, 0.0, 0.0, 0.0]"
2018-04-16 15:17:01.610884,-1150,29.3,"[0.0, 2.0, 1.0, 0.5]"
2018-04-16 15:17:03.623116,-1150,29.3,"[2.0, 0.5, 0.0, 0.0]"
2018-04-16 15:17:05.635782,-1150,29.3,"[1.5, 0.5, 0.0, 0.0]"
2018-04-16 15:17:07.648040,-1150,29.3,"[2.0, 0.5, 0.0, 0.0]"
2018-04-16 15:17:09.660497,-1149,29.3,"[2.0, 0.0, 0.0, 0.0]"
2018-04-16 15:17:11.672731,-1150,29.3,"[1.0, 0.5, 0.0, 0.0]"
2018-04-16 15:17:13.685497,-1149,29.3,"[3.5, 0.0, 0.0, 0.5]"
2018-04-16 15:17:15.697788,-1150,29.3,"[0.5, 0.0, 0.0, 0.0]"
2018-04-16 15:17:17.710210,-1149,29.3,"[2.5, 0.0, 0.0, 0.0]"
2018-04-16 15:17:19.722406,-1150,29.3,"[1.5, 0.5, 0.0, 0.0]"
2018-04-16 15:17:21.735109,-1150,29.3,"[2.5, 0.0, 0.0, 0.0]"
2018-04-16 15:17:23.747401,-1150,29.3,"[1.5, 0.0, 0.0, 0.0]"
2018-04-16 15:17:25.759757,-1150,29.3,"[0.5, 0.5, 0.0, 0.0]"
2018-04-16 15:17:27.771973,-1150,29.3,"[3.0, 0.5, 0.0, 0.0]"
2018-04-16 15:17:29.784320,-1150,29.3,"[1.5, 0.5, 0.5, 0.0]"
2018-04-16 15:17:31.796713,-1150,29.3,"[1.5, 0.0, 0.0, 0.0]"
2018-04-16 15:17:33.808967,-1150,29.3,"[0.5, 0.0, 0.5, 0.0]"
2018-04-16 15:17:35.821218,-1150,29.3,"[1.5, 0.5, 1.0, 0.0]"
2018-04-16 15:17:37.833526,-1150,29.3,"[1.0, 0.5, 0.5, 0.0]"
2018-04-16 15:17:39.845968,-1150,29.3,"[1.0, 0.5, 1.0, 0.0]"
2018-04-16 15:17:41.858308,-1149,29.3,"[0.0, 0.5, 0.5, 0.0]"
2018-04-16 15:17:43.870566,-1149,29.3,"[1.0, 1.0, 1.5, 0.0]"
2018-04-16 15:17:45.882927,-1149,29.3,"[0.5, 0.5, 0.5, 0.0]"
2018-04-16 15:17:47.895532,-1149,29.3,"[1.5, 0.0, 0.5, 0.0]"
2018-04-16 15:17:49.907856,-1149,29.3,"[1.5, 0.0, 0.0, 0.0]"
2018-04-16 15:17:51.920050,-1149,29.3,"[1.0, 0.0, 1.0, 0.0]"
2018-04-16 15:17:53.932309,-1149,29.3,"[1.0, 0.5, 0.5, 0.0]"
2018-04-16 15:17:55.944644,-1149,29.3,"[1.0, 0.0, 1.0, 0.0]"
2018-04-16 15:17:57.956880,-1149,29.3,"[1.5, 0.0, 0.5, 0.0]"
2018-04-16 15:17:59.969134,-1149,29.3,"[0.5, 0.0, 1.0, 0.0]"
2018-04-16 15:18:01.981392,-1148,29.3,"[1.5, 0.0, 0.5, 0.0]"
2018-04-16 15:18:03.992711,-1149,29.3,"[4.1, 0.0, 0.5, 3.0]"
2018-04-16 15:18:06.001488,-1149,29.3,"[2.5, 0.0, 0.5, 0.0]"
2018-04-16 15:18:08.011111,-1148,29.3,"[0.0, 0.0, 0.5, 0.0]"
2018-04-16 15:18:10.023318,-1148,29.3,"[2.0, 0.0, 0.5, 0.0]"
2018-04-16 15:18:12.036252,-1148,29.3,"[2.5, 0.0, 0.0, 0.0]"
2018-04-16 15:18:14.048498,-1147,29.3,"[1.0, 0.0, 0.0, 0.0]"
2018-04-16 15:18:16.060919,-1148,29.3,"[1.5, 0.0, 0.5, 0.0]"
2018-04-16 15:18:18.073143,-1147,29.3,"[0.5, 0.0, 0.5, 0.0]"
2018-04-16 15:18:20.086085,-1148,29.3,"[3.0, 0.0, 0.0, 0.0]"
2018-04-16 15:18:22.098285,-1148,29.3,"[2.0, 0.0, 0.5, 0.0]"
2018-04-16 15:18:24.110766,-1147,29.3,"[0.5, 0.0, 1.5, 0.0]"
2018-04-16 15:18:26.123056,-1147,29.3,"[1.0, 0.0, 1.0, 0.0]"
2018-04-16 15:18:28.135903,-1148,29.3,"[1.5, 0.0, 1.0, 0.0]"
2018-04-16 15:18:30.148157,-1147,29.3,"[1.5, 0.0, 0.5, 0.0]"
2018-04-16 15:18:32.160474,-1147,29.3,"[0.5, 0.0, 1.5, 0.0]"
2018-04-16 15:18:34.172667,-1147,29.3,"[1.0, 0.0, 1.0, 0.0]"
2018-04-16 15:18:36.187364,-1147,29.3,"[2.5, 0.0, 1.5, 0.0]"
2018-04-16 15:18:38.202491,-1146,29.3,"[0.0, 1.0, 1.5, 0.5]"
2018-04-16 15:18:40.216075,-1147,29.3,"[5.0, 0.5, 4.1, 0.5]"
2018-04-16 15:18:42.225694,-1146,29.3,"[0.5, 0.0, 2.0, 0.0]"
2018-04-16 15:18:44.237502,-1146,29.3,"[0.5, 0.0, 0.5, 0.0]"
2018-04-16 15:18:46.249921,-1146,29.3,"[0.5, 0.0, 2.0, 0.0]"
2018-04-16 15:18:48.262172,-1145,29.3,"[1.0, 0.0, 0.0, 0.5]"
2018-04-16 15:18:50.274512,-1145,29.3,"[0.0, 0.0, 1.5, 0.5]"
2018-04-16 15:18:52.286761,-1145,29.3,"[0.0, 0.5, 1.0, 0.0]"
2018-04-16 15:18:54.297542,-1145,29.3,"[1.0, 0.0, 2.0, 0.0]"
2018-04-16 15:18:56.309835,-1145,29.3,"[1.5, 0.0, 0.0, 0.0]"
2018-04-16 15:18:58.322320,-1145,29.3,"[0.0, 0.5, 1.5, 0.5]"
2018-04-16 15:19:00.334817,-1145,29.3,"[2.0, 0.5, 0.0, 0.0]"
2018-04-16 15:19:02.347426,-1145,29.3,"[1.5, 0.5, 1.5, 0.0]"
2018-04-16 15:19:04.360080,-1145,29.3,"[0.0, 0.0, 1.0, 0.0]"
2018-04-16 15:19:06.372476,-1145,29.3,"[1.5, 0.5, 1.5, 0.0]"
2018-04-16 15:19:08.385604,-1145,29.3,"[1.5, 0.0, 0.0, 0.0]"
2018-04-16 15:19:10.398203,-1145,29.3,"[0.5, 0.0, 1.5, 0.0]"
2018-04-16 15:19:12.410445,-1145,29.3,"[1.0, 0.0, 0.5, 0.0]"
2018-04-16 15:19:14.422689,-1145,29.3,"[2.0, 1.0, 1.5, 0.0]"
2018-04-16 15:19:16.435103,-1145,29.3,"[0.5, 0.0, 0.0, 0.0]"
2018-04-16 15:19:18.447359,-1145,29.3,"[1.0, 0.0, 1.5, 0.0]"
2018-04-16 15:19:20.459649,-1145,29.3,"[1.0, 0.0, 1.0, 0.0]"
2018-04-16 15:19:22.471915,-1145,29.3,"[0.5, 0.0, 1.0, 0.0]"
2018-04-16 15:19:24.483212,-1145,29.3,"[1.0, 0.0, 1.0, 0.0]"
2018-04-16 15:19:26.495794,-1145,29.3,"[1.5, 0.0, 1.0, 0.0]"
2018-04-16 15:19:28.508109,-1145,29.3,"[0.5, 0.0, 1.0, 0.0]"
2018-04-16 15:19:30.520449,-1145,29.3,"[0.5, 0.5, 1.0, 0.0]"
2018-04-16 15:19:32.532777,-1145,29.3,"[1.0, 0.5, 1.5, 0.0]"
2018-04-16 15:19:34.545433,-1145,29.3,"[1.5, 0.5, 1.0, 0.0]"
2018-04-16 15:19:36.557785,-1145,29.3,"[0.0, 0.0, 1.5, 0.0]"
2018-04-16 15:19:38.570005,-1145,29.3,"[0.5, 0.5, 1.5, 0.0]"
2018-04-16 15:19:40.582313,-1145,29.3,"[3.0, 0.0, 1.0, 0.0]"
2018-04-16 15:19:42.594762,-1145,29.3,"[0.5, 0.0, 1.0, 0.0]"
2018-04-16 15:19:44.607141,-1145,29.3,"[0.5, 0.5, 1.0, 0.0]"
2018-04-16 15:19:46.619498,-1145,29.3,"[1.0, 1.0, 1.0, 0.0]"
2018-04-16 15:19:48.631971,-1145,29.3,"[1.0, 0.5, 0.0, 0.0]"
2018-04-16 15:19:50.644241,-1144,29.3,"[1.0, 0.0, 1.0, 0.0]"
2018-04-16 15:19:52.657220,-1144,29.3,"[1.5, 0.0, 0.0, 0.0]"
2018-04-16 15:19:54.669494,-1143,29.3,"[1.0, 0.5, 2.5, 0.0]"
2018-04-16 15:19:56.681960,-1143,29.3,"[0.5, 0.0, 0.0, 0.0]"
2018-04-16 15:19:58.694149,-1142,29.3,"[2.0, 0.0, 0.5, 0.0]"
2018-04-16 15:20:00.706793,-1142,29.3,"[1.5, 0.0, 0.0, 0.0]"
2018-04-16 15:20:02.718977,-1142,29.3,"[1.5, 0.0, 1.0, 0.0]"
2018-04-16 15:20:04.730523,-1142,29.3,"[3.0, 2.0, 3.5, 1.0]"
2018-04-16 15:20:06.739231,-1142,29.3,"[0.5, 0.5, 0.0, 0.0]"
2018-04-16 15:20:08.747522,-1141,29.3,"[1.0, 0.0, 1.5, 0.0]"
2018-04-16 15:20:10.759745,-1141,29.3,"[0.5, 0.0, 0.5, 0.0]"
2018-04-16 15:20:12.772209,-1140,29.3,"[0.5, 0.0, 2.0, 0.0]"
2018-04-16 15:20:14.784516,-1141,29.3,"[2.0, 0.0, 0.0, 0.0]"
2018-04-16 15:20:16.797035,-1140,29.3,"[0.0, 0.0, 1.5, 0.0]"
2018-04-16 15:20:18.807492,-1140,29.3,"[0.0, 0.0, 1.0, 0.0]"
2018-04-16 15:20:20.819829,-1140,29.3,"[2.0, 0.0, 1.5, 0.0]"
2018-04-16 15:20:22.832081,-1140,29.3,"[1.0, 0.0, 0.5, 0.0]"
2018-04-16 15:20:24.844479,-1141,29.3,"[0.5, 0.0, 1.0, 0.0]"
2018-04-16 15:20:26.856750,-1140,29.3,"[1.0, 0.0, 0.5, 0.0]"
2018-04-16 15:20:28.871930,-1140,29.3,"[1.5, 0.0, 1.0, 0.0]"
2018-04-16 15:20:30.884212,-1140,29.3,"[1.0, 0.5, 0.5, 0.0]"
2018-04-16 15:20:32.896957,-1140,29.3,"[1.5, 0.0, 0.5, 0.0]"
2018-04-16 15:20:34.909189,-1141,29.3,"[2.0, 0.5, 0.0, 0.0]"
2018-04-16 15:20:36.921386,-1140,29.3,"[0.5, 0.0, 1.5, 0.0]"
2018-04-16 15:20:38.933743,-1140,29.3,"[1.0, 0.0, 0.5, 0.0]"
2018-04-16 15:20:40.946365,-1141,29.3,"[1.0, 0.0, 2.0, 0.0]"
2018-04-16 15:20:42.958790,-1140,29.3,"[0.5, 0.0, 0.0, 0.0]"
2018-04-16 15:20:44.971053,-1141,29.3,"[1.0, 0.0, 2.0, 0.0]"
2018-04-16 15:20:46.983490,-1140,29.3,"[2.0, 0.0, 0.0, 0.0]"
2018-04-16 15:20:48.995979,-1140,29.3,"[0.5, 0.0, 1.5, 0.0]"
2018-04-16 15:20:51.008922,-1140,29.3,"[0.0, 1.0, 0.0, 0.0]"
2018-04-16 15:20:53.021195,-1140,29.3,"[1.0, 1.0, 1.5, 0.0]"
2018-04-16 15:20:55.033764,-1140,29.3,"[2.0, 1.0, 0.0, 0.0]"
2018-04-16 15:20:57.046176,-1140,29.3,"[5.1, 8.3, 2.0, 4.5]"
2018-04-16 15:20:59.057536,-1140,29.3,"[0.5, 0.0, 0.5, 0.0]"
2018-04-16 15:21:01.069781,-1140,29.3,"[1.5, 0.0, 1.0, 0.0]"
2018-04-16 15:21:03.082258,-1141,29.3,"[0.5, 0.5, 0.5, 0.0]"
2018-04-16 15:21:05.094539,-1141,29.3,"[2.0, 0.0, 0.0, 0.0]"
2018-04-16 15:21:07.107007,-1141,29.3,"[2.0, 0.0, 0.0, 0.0]"
2018-04-16 15:21:09.119206,-1141,29.3,"[3.5, 0.0, 1.0, 0.0]"
2018-04-16 15:21:11.131696,-1141,29.3,"[0.0, 1.0, 0.5, 0.0]"
2018-04-16 15:21:13.143887,-1141,29.3,"[0.5, 0.5, 2.0, 0.0]"
2018-04-16 15:21:15.156547,-1141,29.3,"[1.0, 0.0, 0.0, 0.5]"
2018-04-16 15:21:17.167484,-1141,29.3,"[1.5, 0.0, 1.0, 0.0]"
2018-04-16 15:21:19.179931,-1141,29.3,"[1.0, 0.0, 0.5, 0.0]"
2018-04-16 15:21:21.192173,-1141,29.3,"[3.0, 0.5, 0.5, 0.0]"
2018-04-16 15:21:23.204643,-1141,29.3,"[1.5, 0.0, 0.5, 0.0]"
2018-04-16 15:21:25.216955,-1141,29.3,"[0.0, 1.5, 0.0, 0.0]"
2018-04-16 15:21:27.229408,-1141,29.3,"[0.5, 1.5, 0.0, 0.0]"
2018-04-16 15:21:29.241644,-1141,29.3,"[1.0, 1.5, 0.0, 0.0]"
2018-04-16 15:21:31.254116,-1142,29.3,"[1.0, 1.0, 0.0, 0.0]"
2018-04-16 15:21:33.266550,-1142,29.3,"[0.0, 1.0, 0.0, 0.5]"
2018-04-16 15:21:35.279129,-1142,29.3,"[0.5, 1.0, 0.0, 0.0]"
2018-04-16 15:21:37.291355,-1142,29.3,"[1.0, 1.5, 0.0, 0.0]"
2018-04-16 15:21:39.303828,-1142,29.3,"[0.5, 1.5, 0.0, 0.0]"
2018-04-16 15:21:41.316237,-1142,29.3,"[0.0, 1.5, 0.0, 0.0]"
2018-04-16 15:21:43.327513,-1142,29.3,"[1.0, 1.5, 0.0, 0.0]"
2018-04-16 15:21:45.339763,-1142,29.3,"[1.0, 1.0, 0.0, 0.0]"
2018-04-16 15:21:47.352227,-1142,29.3,"[0.5, 1.5, 0.0, 0.0]"
2018-04-16 15:21:49.364500,-1142,29.3,"[1.5, 1.0, 0.0, 0.0]"
2018-04-16 15:21:51.377072,-1142,29.3,"[1.0, 1.5, 0.0, 0.0]"
2018-04-16 15:21:53.387487,-1143,29.3,"[0.5, 1.0, 0.0, 0.0]"
2018-04-16 15:21:55.399700,-1142,29.3,"[1.0, 2.0, 0.0, 0.0]"
2018-04-16 15:21:57.411925,-1142,29.3,"[1.5, 0.5, 0.0, 0.0]"
2018-04-16 15:21:59.424157,-1142,29.3,"[0.5, 2.0, 0.0, 0.0]"
2018-04-16 15:22:01.436533,-1143,29.3,"[0.0, 0.0, 0.0, 0.0]"
2018-04-16 15:22:03.448682,-1143,29.3,"[1.0, 1.5, 0.0, 0.0]"
2018-04-16 15:22:05.460030,-1143,29.3,"[0.5, 5.0, 2.5, 2.0]"
2018-04-16 15:22:07.469665,-1143,29.3,"[0.0, 1.0, 0.0, 0.0]"
2018-04-16 15:22:09.482076,-1143,29.3,"[1.0, 1.5, 0.0, 0.0]"
2018-04-16 15:22:11.494337,-1143,29.3,"[1.5, 1.5, 0.0, 0.0]"
2018-04-16 15:22:13.506927,-1144,29.3,"[0.0, 1.0, 0.0, 0.0]"
2018-04-16 15:22:15.519198,-1144,29.3,"[2.5, 0.0, 0.0, 0.0]"
2018-04-16 15:22:17.531614,-1144,29.3,"[1.5, 0.5, 0.0, 0.0]"
2018-04-16 15:22:19.543950,-1144,29.3,"[3.0, 1.0, 0.0, 0.0]"
2018-04-16 15:22:21.556624,-1144,29.3,"[0.0, 0.0, 0.0, 0.0]"
2018-04-16 15:22:23.568773,-1144,29.3,"[2.0, 1.0, 0.0, 0.0]"
2018-04-16 15:22:25.581220,-1144,29.3,"[2.0, 0.5, 0.0, 0.0]"
2018-04-16 15:22:27.593420,-1144,29.3,"[3.0, 0.0, 0.0, 0.0]"
2018-04-16 15:22:29.606086,-1144,29.3,"[2.5, 0.0, 0.5, 0.0]"
2018-04-16 15:22:31.618316,-1144,29.3,"[4.0, 0.0, 0.0, 0.0]"
2018-04-16 15:22:33.630717,-1144,29.3,"[1.5, 0.0, 0.0, 0.0]"
2018-04-16 15:22:35.642936,-1144,29.3,"[1.5, 0.0, 0.0, 0.0]"
2018-04-16 15:22:37.655679,-1145,29.3,"[1.0, 1.0, 0.0, 0.0]"
2018-04-16 15:22:39.667995,-1144,29.3,"[1.0, 1.0, 0.5, 0.0]"
2018-04-16 15:22:41.680328,-1145,29.3,"[0.5, 2.0, 0.0, 0.0]"
2018-04-16 15:22:43.692548,-1145,29.3,"[0.5, 0.5, 0.0, 0.0]"
2018-04-16 15:22:45.705094,-1145,29.3,"[1.5, 1.0, 0.0, 0.0]"
2018-04-16 15:22:47.717421,-1145,29.3,"[1.0, 0.5, 0.0, 0.0]"
2018-04-16 15:22:49.729821,-1145,29.3,"[0.0, 1.5, 0.0, 0.0]"
2018-04-16 15:22:51.742029,-1146,29.3,"[1.0, 1.5, 0.0, 0.0]"
2018-04-16 15:22:53.754346,-1146,29.3,"[1.5, 1.0, 0.0, 0.0]"
2018-04-16 15:22:55.766735,-1146,29.3,"[0.0, 1.5, 0.0, 0.0]"
2018-04-16 15:22:57.777490,-1146,29.3,"[2.0, 1.5, 0.0, 0.0]"
2018-04-16 15:22:59.789701,-1146,29.3,"[1.5, 1.5, 0.0, 0.0]"
2018-04-16 15:23:01.802185,-1146,29.3,"[0.5, 0.5, 0.0, 0.0]"
2018-04-16 15:23:03.814582,-1146,29.3,"[1.0, 1.5, 0.0, 0.0]"
2018-04-16 15:23:05.827208,-1146,29.3,"[2.5, 0.5, 0.0, 0.0]"
2018-04-16 15:23:07.839500,-1146,29.3,"[1.5, 1.0, 0.0, 0.0]"
2018-04-16 15:23:09.851806,-1145,29.3,"[0.5, 0.5, 0.0, 0.0]"
2018-04-16 15:23:11.864033,-1145,29.3,"[3.0, 1.0, 0.0, 0.0]"
2018-04-16 15:23:13.876759,-1145,29.3,"[0.5, 0.0, 0.0, 0.0]"
2018-04-16 15:23:15.887495,-1145,29.3,"[0.0, 2.0, 0.0, 0.0]"
2018-04-16 15:23:17.899921,-1146,29.3,"[1.0, 1.0, 0.0, 0.0]"
2018-04-16 15:23:19.912097,-1146,29.3,"[1.0, 1.5, 0.0, 0.0]"
2018-04-16 15:23:21.924548,-1147,29.4,"[4.5, 4.0, 3.5, 2.0]"
2018-04-16 15:23:23.936800,-1147,29.4,"[0.0, 2.0, 0.0, 0.0]"
2018-04-16 15:23:25.949254,-1147,29.4,"[1.5, 0.5, 0.0, 0.0]"
2018-04-16 15:23:27.961488,-1147,29.3,"[1.0, 1.5, 0.0, 0.0]"
2018-04-16 15:23:29.973952,-1148,29.3,"[1.5, 0.5, 0.0, 0.0]"
2018-04-16 15:23:31.986370,-1148,29.3,"[1.0, 1.5, 0.0, 0.0]"
2018-04-16 15:23:33.998745,-1148,29.3,"[1.5, 0.0, 0.0, 0.0]"
2018-04-16 15:23:36.010955,-1148,29.3,"[1.5, 0.5, 0.5, 0.0]"
2018-04-16 15:23:38.023318,-1148,29.3,"[2.0, 0.0, 0.0, 0.0]"
2018-04-16 15:23:40.035735,-1148,29.3,"[1.5, 1.0, 0.0, 0.0]"
2018-04-16 15:23:42.047511,-1148,29.3,"[0.5, 2.0, 0.0, 0.0]"
2018-04-16 15:23:44.059752,-1149,29.3,"[1.0, 1.0, 0.0, 0.0]"
2018-04-16 15:23:46.072160,-1149,29.3,"[1.0, 1.5, 0.0, 0.0]"
2018-04-16 15:23:48.084467,-1149,29.3,"[2.5, 1.0, 0.0, 0.0]"
2018-04-16 15:23:50.097188,-1149,29.3,"[0.5, 0.5, 0.0, 0.0]"
2018-04-16 15:23:52.107628,-1149,29.3,"[2.5, 1.0, 0.0, 0.0]"
2018-04-16 15:23:54.120133,-1149,29.3,"[0.5, 1.5, 0.0, 0.0]"
2018-04-16 15:23:56.132398,-1149,29.3,"[1.0, 1.0, 0.0, 0.0]"
2018-04-16 15:23:58.145297,-1149,29.3,"[2.0, 1.0, 0.0, 0.0]"
2018-04-16 15:24:00.157538,-1149,29.3,"[1.5, 0.0, 0.0, 0.0]"
2018-04-16 15:24:02.169943,-1148,29.3,"[0.0, 1.5, 0.5, 0.5]"
2018-04-16 15:24:04.181301,-1149,29.3,"[4.5, 1.5, 4.0, 7.8]"
2018-04-16 15:24:06.190087,-1149,29.3,"[0.5, 0.5, 0.0, 1.0]"
2018-04-16 15:24:08.199770,-1149,29.3,"[1.0, 1.5, 0.0, 0.0]"
2018-04-16 15:24:10.212032,-1148,29.3,"[1.5, 0.5, 0.0, 0.0]"
2018-04-16 15:24:12.230363,-1148,29.3,"[2.0, 1.0, 0.0, 0.0]"
2018-04-16 15:24:14.243363,-1147,29.3,"[0.5, 0.5, 0.0, 0.5]"
2018-04-16 15:24:16.256021,-1147,29.3,"[1.0, 1.0, 1.0, 0.0]"
2018-04-16 15:24:18.268509,-1147,29.3,"[1.0, 0.0, 0.5, 0.0]"
2018-04-16 15:24:20.280771,-1147,29.3,"[1.0, 1.0, 0.5, 0.0]"
2018-04-16 15:24:22.293122,-1147,29.3,"[0.0, 1.0, 0.5, 0.0]"
2018-04-16 15:24:24.305608,-1146,29.3,"[2.5, 1.0, 0.0, 0.0]"
2018-04-16 15:24:26.317983,-1146,29.3,"[0.5, 1.0, 0.5, 0.0]"
2018-04-16 15:24:28.330222,-1146,29.3,"[1.0, 1.0, 0.0, 0.0]"
2018-04-16 15:24:30.342525,-1146,29.3,"[0.5, 0.0, 2.0, 0.0]"
2018-04-16 15:24:32.354974,-1146,29.3,"[2.5, 0.0, 0.0, 0.5]"
2018-04-16 15:24:34.367328,-1146,29.3,"[1.0, 0.0, 0.0, 0.0]"
2018-04-16 15:24:36.379621,-1146,29.3,"[2.0, 0.0, 0.0, 0.0]"
2018-04-16 15:24:38.391936,-1146,29.3,"[1.5, 0.0, 0.0, 0.0]"
2018-04-16 15:24:40.404148,-1146,29.3,"[3.5, 1.0, 0.0, 0.0]"
2018-04-16 15:24:42.416583,-1145,29.3,"[0.0, 0.0, 0.0, 0.0]"
2018-04-16 15:24:44.427474,-1145,29.3,"[1.5, 1.0, 0.0, 0.0]"
2018-04-16 15:24:46.439950,-1145,29.3,"[1.5, 0.0, 0.0, 0.0]"
2018-04-16 15:24:48.452197,-1145,29.3,"[1.5, 2.0, 0.0, 0.0]"
2018-04-16 15:24:50.464572,-1145,29.3,"[1.0, 0.5, 0.0, 0.0]"
2018-04-16 15:24:52.476846,-1145,29.3,"[2.0, 1.0, 0.0, 0.0]"
2018-04-16 15:24:54.489206,-1145,29.3,"[0.5, 0.5, 0.0, 0.0]"
2018-04-16 15:24:56.501434,-1145,29.3,"[1.0, 1.0, 0.0, 0.0]"
2018-04-16 15:24:58.513763,-1145,29.3,"[1.5, 0.0, 0.0, 0.0]"
2018-04-16 15:25:00.526159,-1145,29.3,"[1.5, 0.5, 0.0, 0.0]"
2018-04-16 15:25:02.538491,-1145,29.3,"[0.5, 0.0, 0.0, 0.0]"
2018-04-16 15:25:04.550707,-1146,29.3,"[1.0, 1.5, 0.0, 0.0]"
2018-04-16 15:25:06.563046,-1146,29.3,"[1.5, 0.0, 0.0, 0.0]"
2018-04-16 15:25:08.575526,-1146,29.3,"[2.5, 0.0, 0.5, 0.0]"
2018-04-16 15:25:10.587942,-1146,29.3,"[1.0, 0.0, 0.0, 0.0]"
2018-04-16 15:25:12.600188,-1146,29.3,"[2.0, 1.0, 0.0, 0.0]"
2018-04-16 15:25:14.612559,-1146,29.3,"[0.5, 0.0, 0.0, 0.0]"
2018-04-16 15:25:16.625019,-1146,29.3,"[2.5, 1.0, 0.0, 0.0]"
2018-04-16 15:25:18.637389,-1146,29.3,"[1.5, 0.0, 0.0, 0.0]"
2018-04-16 15:25:20.649691,-1146,29.3,"[1.0, 2.0, 0.0, 0.0]"
2018-04-16 15:25:22.662055,-1145,29.3,"[0.5, 0.0, 0.0, 0.0]"
2018-04-16 15:25:24.675069,-1146,29.3,"[2.0, 1.5, 0.0, 0.0]"
2018-04-16 15:25:26.687381,-1145,29.3,"[1.5, 0.0, 0.0, 0.0]"
2018-04-16 15:25:28.700062,-1145,29.3,"[1.5, 1.5, 0.0, 0.0]"
2018-04-16 15:25:30.714995,-1145,29.3,"[1.0, 2.0, 0.0, 0.0]"
2018-04-16 15:25:32.727344,-1145,29.3,"[1.5, 0.0, 0.0, 0.0]"
2018-04-16 15:25:34.740948,-1145,29.3,"[2.0, 0.5, 0.0, 0.0]"
2018-04-16 15:25:36.753210,-1145,29.3,"[0.0, 0.5, 0.0, 0.0]"
2018-04-16 15:25:38.765774,-1145,29.3,"[1.5, 1.5, 0.0, 0.0]"
2018-04-16 15:25:40.778014,-1145,29.3,"[1.0, 0.0, 0.0, 0.0]"
2018-04-16 15:25:42.790508,-1144,29.3,"[0.0, 2.5, 0.0, 0.0]"
2018-04-16 15:25:44.801910,-1144,29.3,"[2.6, 1.0, 5.5, 4.0]"
2018-04-16 15:25:46.810612,-1144,29.3,"[0.5, 0.5, 0.0, 0.0]"
2018-04-16 15:25:48.820266,-1144,29.3,"[2.0, 0.5, 0.0, 0.0]"
2018-04-16 15:25:50.832610,-1144,29.3,"[0.5, 0.5, 0.0, 0.5]"
2018-04-16 15:25:52.845008,-1144,29.3,"[2.0, 0.5, 0.0, 0.0]"
2018-04-16 15:25:54.857379,-1144,29.3,"[1.0, 1.0, 0.0, 0.0]"
2018-04-16 15:25:56.869675,-1144,29.3,"[0.5, 1.0, 0.0, 0.5]"
2018-04-16 15:25:58.882011,-1144,29.3,"[1.5, 1.5, 2.5, 0.0]"
2018-04-16 15:26:00.894254,-1144,29.3,"[1.5, 0.5, 1.5, 0.5]"
2018-04-16 15:26:02.906731,-1145,29.3,"[0.5, 1.0, 0.0, 0.0]"
2018-04-16 15:26:04.916594,-1145,29.3,"[6.1, 1.5, 0.0, 7.5]"
2018-04-16 15:26:06.926204,-1144,29.3,"[0.5, 0.0, 0.0, 0.0]"
2018-04-16 15:26:08.937547,-1145,29.3,"[0.5, 1.0, 0.0, 0.5]"
2018-04-16 15:26:10.949839,-1145,29.3,"[0.0, 0.5, 0.0, 0.5]"
2018-04-16 15:26:12.962297,-1145,29.3,"[1.5, 0.5, 0.0, 0.5]"
2018-04-16 15:26:14.974650,-1145,29.3,"[1.5, 0.5, 0.0, 0.0]"
2018-04-16 15:26:16.987111,-1145,29.3,"[2.0, 0.0, 0.0, 0.0]"
2018-04-16 15:26:18.999321,-1146,29.3,"[2.0, 0.0, 0.5, 0.0]"
2018-04-16 15:26:21.011777,-1146,29.3,"[1.5, 0.5, 0.0, 0.5]"
2018-04-16 15:26:23.024075,-1146,29.3,"[1.5, 0.5, 0.0, 0.0]"
2018-04-16 15:26:25.036705,-1146,29.3,"[1.0, 0.0, 0.0, 0.5]"
2018-04-16 15:26:27.048953,-1146,29.3,"[2.5, 0.5, 0.0, 0.5]"
2018-04-16 15:26:29.061335,-1146,29.3,"[0.5, 1.0, 0.0, 1.0]"
2018-04-16 15:26:31.073584,-1147,29.3,"[0.5, 0.5, 0.0, 0.0]"
2018-04-16 15:26:33.086175,-1147,29.3,"[0.5, 1.5, 0.5, 0.0]"
2018-04-16 15:26:35.098442,-1148,29.3,"[1.0, 0.5, 0.0, 0.0]"
2018-04-16 15:26:37.110756,-1148,29.3,"[0.0, 2.0, 0.0, 0.0]"
2018-04-16 15:26:39.122945,-1148,29.3,"[0.0, 2.0, 0.0, 0.0]"
2018-04-16 15:26:41.135542,-1148,29.3,"[2.0, 1.5, 0.5, 0.0]"
2018-04-16 15:26:43.147940,-1148,29.3,"[0.5, 0.5, 0.0, 0.0]"
2018-04-16 15:26:45.160238,-1148,29.3,"[0.5, 1.5, 0.0, 0.0]"
2018-04-16 15:26:47.172492,-1148,29.3,"[1.0, 1.0, 0.0, 0.0]"
2018-04-16 15:26:49.185006,-1148,29.3,"[1.5, 1.0, 0.0, 0.0]"
2018-04-16 15:26:51.197314,-1148,29.3,"[0.5, 0.5, 0.0, 0.0]"
2018-04-16 15:26:53.209616,-1149,29.3,"[0.5, 1.5, 0.0, 0.0]"
2018-04-16 15:26:55.221856,-1149,29.3,"[1.0, 1.0, 0.0, 0.0]"
2018-04-16 15:26:57.234096,-1148,29.3,"[1.0, 1.5, 0.0, 0.5]"
2018-04-16 15:26:59.246508,-1148,29.3,"[0.0, 0.5, 0.0, 0.5]"
2018-04-16 15:27:01.257506,-1148,29.3,"[0.5, 1.5, 0.5, 0.0]"
2018-04-16 15:27:03.269740,-1148,29.3,"[1.0, 1.0, 0.0, 0.0]"
2018-04-16 15:27:05.282079,-1148,29.3,"[0.0, 2.0, 0.0, 0.0]"
2018-04-16 15:27:07.294290,-1148,29.3,"[1.5, 1.0, 0.0, 0.5]"
2018-04-16 15:27:09.306829,-1147,29.3,"[2.0, 1.0, 0.0, 0.0]"
2018-04-16 15:27:11.319087,-1147,29.3,"[0.0, 1.5, 0.0, 0.0]"
2018-04-16 15:27:13.331363,-1147,29.3,"[0.0, 1.5, 0.0, 0.0]"
2018-04-16 15:27:15.343551,-1147,29.3,"[1.5, 2.0, 0.0, 0.0]"
2018-04-16 15:27:17.356130,-1147,29.3,"[0.5, 1.0, 0.0, 0.0]"
2018-04-16 15:27:19.368345,-1147,29.3,"[0.0, 1.5, 0.0, 0.5]"
2018-04-16 15:27:21.380674,-1147,29.3,"[0.5, 1.5, 0.0, 0.0]"
2018-04-16 15:27:23.392867,-1147,29.3,"[1.0, 1.5, 0.0, 0.0]"
2018-04-16 15:27:25.405443,-1147,29.3,"[1.0, 1.0, 0.0, 0.0]"
2018-04-16 15:27:27.417790,-1147,29.3,"[0.0, 1.0, 0.0, 0.0]"
2018-04-16 15:27:29.430204,-1147,29.3,"[2.0, 1.5, 0.0, 0.0]"
2018-04-16 15:27:31.442633,-1147,29.3,"[0.0, 1.0, 0.0, 0.0]"
2018-04-16 15:27:33.455008,-1147,29.3,"[1.5, 1.0, 0.0, 0.0]"
2018-04-16 15:27:35.467310,-1147,29.3,"[2.0, 0.5, 0.0, 0.0]"
2018-04-16 15:27:37.479603,-1147,29.3,"[0.0, 1.5, 0.0, 0.5]"
2018-04-16 15:27:39.491816,-1147,29.3,"[1.0, 1.0, 0.0, 0.0]"
2018-04-16 15:27:41.504039,-1147,29.3,"[2.0, 2.5, 0.0, 0.0]"
2018-04-16 15:27:43.516464,-1147,29.3,"[1.0, 1.0, 0.0, 0.0]"
2018-04-16 15:27:45.528777,-1147,29.3,"[0.5, 1.0, 0.0, 0.0]"
2018-04-16 15:27:47.541129,-1147,29.3,"[1.5, 1.0, 0.0, 0.0]"
2018-04-16 15:27:49.553410,-1147,29.3,"[1.5, 0.5, 0.0, 0.0]"
2018-04-16 15:27:51.566761,-1148,29.3,"[0.0, 2.0, 0.0, 0.0]"
2018-04-16 15:27:53.580012,-1147,29.3,"[1.0, 0.5, 0.0, 0.0]"
2018-04-16 15:27:55.592377,-1147,29.3,"[1.0, 1.5, 0.0, 0.0]"
2018-04-16 15:27:57.604991,-1148,29.3,"[0.5, 0.5, 0.0, 0.0]"
2018-04-16 15:27:59.617387,-1147,29.3,"[1.0, 1.5, 0.0, 0.0]"
2018-04-16 15:28:01.629673,-1147,29.3,"[1.0, 0.5, 0.0, 0.0]"
2018-04-16 15:28:03.641092,-1148,29.3,"[5.9, 4.0, 1.0, 3.5]"
2018-04-16 15:28:05.649792,-1147,29.3,"[0.5, 0.0, 0.0, 0.0]"
2018-04-16 15:28:07.659376,-1147,29.3,"[0.0, 0.0, 0.0, 0.5]"
2018-04-16 15:28:09.671566,-1147,29.3,"[1.0, 1.5, 0.0, 0.0]"
2018-04-16 15:28:11.683789,-1147,29.3,"[1.0, 0.5, 0.0, 0.0]"
2018-04-16 15:28:13.696192,-1147,29.3,"[0.0, 2.0, 0.0, 0.5]"
2018-04-16 15:28:15.708407,-1148,29.3,"[0.0, 0.0, 0.0, 1.5]"
2018-04-16 15:28:17.720567,-1148,29.3,"[0.5, 1.0, 0.0, 0.5]"
2018-04-16 15:28:19.732816,-1148,29.3,"[0.5, 0.0, 0.0, 1.0]"
2018-04-16 15:28:21.745230,-1148,29.3,"[0.5, 0.5, 0.0, 1.0]"
2018-04-16 15:28:23.757493,-1148,29.3,"[0.5, 1.0, 0.0, 0.5]"
2018-04-16 15:28:25.769726,-1148,29.3,"[0.5, 0.5, 0.0, 0.0]"
2018-04-16 15:28:27.781943,-1148,29.3,"[2.5, 0.5, 0.0, 0.5]"
2018-04-16 15:28:29.794133,-1147,29.3,"[1.0, 0.0, 0.0, 1.5]"
2018-04-16 15:28:31.806533,-1147,29.3,"[0.0, 1.0, 0.0, 0.0]"
2018-04-16 15:28:33.818684,-1147,29.3,"[0.5, 1.0, 0.0, 0.5]"
2018-04-16 15:28:35.830884,-1146,29.3,"[0.5, 1.0, 0.0, 1.0]"
2018-04-16 15:28:37.843076,-1146,29.3,"[0.5, 0.0, 0.0, 1.0]"
2018-04-16 15:28:39.855504,-1145,29.3,"[2.5, 0.0, 0.5, 0.0]"
2018-04-16 15:28:41.867737,-1145,29.3,"[1.0, 0.0, 0.0, 1.0]"
2018-04-16 15:28:43.879933,-1144,29.3,"[2.0, 0.0, 0.0, 1.0]"
2018-04-16 15:28:45.890385,-1143,29.3,"[0.5, 1.0, 0.0, 0.5]"
2018-04-16 15:28:47.902841,-1143,29.3,"[0.0, 0.5, 0.0, 1.5]"
2018-04-16 15:28:49.915299,-1142,29.3,"[0.5, 0.0, 0.0, 2.5]"
2018-04-16 15:28:51.927661,-1142,29.3,"[0.0, 0.5, 0.0, 0.0]"
2018-04-16 15:28:53.939838,-1141,29.3,"[0.5, 0.0, 0.0, 2.5]"
2018-04-16 15:28:55.952195,-1140,29.3,"[0.5, 0.5, 0.0, 1.5]"
2018-04-16 15:28:57.964521,-1139,29.3,"[1.0, 1.5, 0.0, 1.0]"
2018-04-16 15:28:59.976941,-1139,29.3,"[0.0, 0.0, 0.0, 1.0]"
2018-04-16 15:29:01.989128,-1138,29.3,"[0.0, 0.5, 0.0, 1.5]"
2018-04-16 15:29:04.001458,-1138,29.3,"[0.0, 0.5, 0.0, 2.5]"
2018-04-16 15:29:06.013652,-1137,29.3,"[1.5, 0.5, 0.0, 0.0]"
2018-04-16 15:29:08.026566,-1137,29.3,"[1.0, 0.0, 0.0, 2.0]"
2018-04-16 15:29:10.037516,-1137,29.3,"[0.5, 0.0, 0.0, 2.0]"
2018-04-16 15:29:12.051581,-1136,29.3,"[0.0, 0.0, 0.0, 0.5]"
2018-04-16 15:29:14.065507,-1136,29.3,"[1.0, 0.5, 0.0, 2.5]"
2018-04-16 15:29:16.077829,-1136,29.3,"[1.0, 0.0, 0.0, 1.0]"
2018-04-16 15:29:18.090256,-1136,29.3,"[0.0, 1.5, 0.0, 1.0]"
2018-04-16 15:29:20.102480,-1136,29.3,"[0.0, 0.5, 0.0, 0.0]"
2018-04-16 15:29:22.115498,-1136,29.3,"[1.5, 0.5, 0.0, 2.5]"
2018-04-16 15:29:24.128001,-1137,29.3,"[0.0, 0.0, 0.0, 0.5]"
2018-04-16 15:29:26.140252,-1137,29.3,"[0.0, 1.0, 0.0, 1.5]"
2018-04-16 15:29:28.152610,-1138,29.3,"[0.0, 0.5, 0.0, 2.0]"
2018-04-16 15:29:30.165435,-1138,29.3,"[1.0, 0.0, 0.0, 1.5]"
2018-04-16 15:29:32.177932,-1138,29.3,"[0.0, 0.0, 0.0, 2.0]"
2018-04-16 15:29:34.190333,-1139,29.3,"[1.0, 0.0, 0.0, 1.0]"
2018-04-16 15:29:36.202697,-1140,29.3,"[0.0, 1.0, 0.0, 2.5]"
2018-04-16 15:29:38.215412,-1140,29.3,"[1.0, 0.0, 0.0, 0.5]"
2018-04-16 15:29:40.227580,-1141,29.3,"[0.5, 0.0, 0.0, 1.0]"
2018-04-16 15:29:42.239967,-1141,29.3,"[1.0, 0.0, 0.0, 2.0]"
2018-04-16 15:29:44.252536,-1142,29.3,"[1.5, 0.5, 0.0, 0.0]"
2018-04-16 15:29:46.265178,-1143,29.3,"[2.0, 0.5, 0.0, 0.0]"
2018-04-16 15:29:48.277664,-1143,29.3,"[0.0, 0.5, 0.0, 1.5]"
2018-04-16 15:29:50.289952,-1144,29.3,"[0.5, 0.0, 0.0, 1.5]"
2018-04-16 15:29:52.302473,-1144,29.3,"[1.0, 0.0, 0.0, 0.0]"
2018-04-16 15:29:54.314903,-1145,29.3,"[1.5, 0.0, 0.0, 1.5]"
2018-04-16 15:29:56.327487,-1146,29.3,"[1.0, 0.0, 0.0, 1.0]"
2018-04-16 15:29:58.339749,-1147,29.3,"[0.5, 0.5, 0.0, 1.5]"
2018-04-16 15:30:00.352277,-1148,29.3,"[0.5, 0.0, 0.0, 1.0]"
2018-04-16 15:30:02.364584,-1149,29.3,"[1.5, 1.0, 0.0, 2.9]"
2018-04-16 15:30:04.377288,-1150,29.3,"[1.5, 4.5, 0.0, 2.5]"
2018-04-16 15:30:06.389646,-1151,29.3,"[1.5, 0.5, 0.0, 0.0]"
2018-04-16 15:30:08.402434,-1153,29.3,"[0.5, 0.0, 0.0, 1.0]"
2018-04-16 15:30:10.414846,-1154,29.3,"[1.5, 0.5, 0.0, 1.0]"
2018-04-16 15:30:12.427230,-1155,29.3,"[0.5, 0.0, 0.0, 0.0]"
2018-04-16 15:30:14.439498,-1157,29.3,"[2.0, 1.5, 0.0, 0.0]"
2018-04-16 15:30:16.451706,-1158,29.3,"[0.5, 0.5, 0.0, 1.0]"
2018-04-16 15:30:18.463981,-1159,29.3,"[1.5, 1.0, 0.0, 0.5]"
2018-04-16 15:30:20.476461,-1159,29.3,"[1.0, 0.0, 0.0, 0.0]"
2018-04-16 15:30:22.488702,-1161,29.3,"[2.0, 1.0, 0.0, 0.5]"
2018-04-16 15:30:24.500983,-1161,29.3,"[1.5, 0.5, 0.0, 1.0]"
2018-04-16 15:30:26.513242,-1162,29.3,"[0.0, 1.0, 0.0, 0.0]"
2018-04-16 15:30:28.525687,-1163,29.3,"[1.5, 1.0, 0.5, 1.5]"
2018-04-16 15:30:30.537121,-1164,29.4,"[2.0, 0.0, 4.0, 8.4]"
2018-04-16 15:30:32.548111,-1165,29.3,"[0.0, 0.0, 0.5, 0.5]"
2018-04-16 15:30:34.560336,-1165,29.3,"[0.0, 0.0, 0.5, 3.0]"
2018-04-16 15:30:36.572773,-1167,29.3,"[0.0, 0.0, 0.0, 2.0]"
2018-04-16 15:30:38.585472,-1168,29.3,"[1.0, 0.0, 0.0, 2.0]"
2018-04-16 15:30:40.597922,-1169,29.3,"[0.0, 0.0, 0.0, 1.5]"
2018-04-16 15:30:42.610106,-1170,29.3,"[0.0, 0.5, 0.0, 1.5]"
2018-04-16 15:30:44.622547,-1171,29.3,"[0.0, 0.0, 0.0, 3.4]"
2018-04-16 15:30:46.635218,-1172,29.3,"[1.5, 0.0, 0.0, 0.0]"
2018-04-16 15:30:48.647647,-1173,29.3,"[0.0, 0.0, 0.0, 3.0]"
2018-04-16 15:30:50.659960,-1173,29.3,"[0.5, 0.0, 0.0, 3.0]"
2018-04-16 15:30:52.672314,-1173,29.3,"[0.0, 0.0, 0.0, 1.0]"
2018-04-16 15:30:54.684781,-1174,29.3,"[1.5, 0.0, 0.0, 2.5]"
2018-04-16 15:30:56.697163,-1174,29.3,"[1.0, 0.0, 0.0, 1.5]"
2018-04-16 15:30:58.709584,-1175,29.3,"[2.0, 0.0, 0.0, 0.5]"
2018-04-16 15:31:00.721355,-1175,29.3,"[0.0, 0.0, 0.0, 0.5]"
2018-04-16 15:31:02.733573,-1175,29.3,"[1.0, 0.0, 0.0, 2.5]"
2018-04-16 15:31:04.746045,-1175,29.3,"[1.0, 0.5, 0.0, 1.0]"
2018-04-16 15:31:06.758415,-1176,29.3,"[2.0, 0.0, 0.0, 0.0]"
2018-04-16 15:31:08.770594,-1176,29.3,"[1.0, 0.0, 0.0, 0.5]"
2018-04-16 15:31:10.782788,-1176,29.3,"[2.0, 0.0, 0.0, 1.0]"
2018-04-16 15:31:12.795194,-1176,29.3,"[0.5, 0.0, 0.0, 0.0]"
2018-04-16 15:31:14.807440,-1177,29.3,"[2.5, 0.0, 0.0, 0.0]"
2018-04-16 15:31:16.819604,-1177,29.3,"[0.5, 0.5, 0.0, 1.0]"
2018-04-16 15:31:18.831974,-1176,29.3,"[0.5, 1.0, 0.0, 1.0]"
2018-04-16 15:31:20.844314,-1176,29.3,"[0.5, 0.0, 0.0, 0.5]"
2018-04-16 15:31:22.856687,-1176,29.3,"[1.5, 0.0, 0.0, 1.0]"
2018-04-16 15:31:24.868869,-1176,29.3,"[0.0, 0.0, 0.0, 1.5]"
2018-04-16 15:31:26.881157,-1176,29.3,"[0.0, 0.5, 0.0, 2.5]"
2018-04-16 15:31:28.893533,-1176,29.3,"[0.5, 0.0, 0.0, 1.0]"
2018-04-16 15:31:30.906373,-1176,29.3,"[0.5, 0.0, 0.0, 2.0]"
2018-04-16 15:31:32.917527,-1177,29.3,"[0.0, 0.0, 0.0, 1.0]"
2018-04-16 15:31:34.929695,-1177,29.3,"[0.0, 0.0, 0.0, 1.0]"
2018-04-16 15:31:36.942022,-1177,29.3,"[1.0, 0.5, 0.0, 2.0]"
2018-04-16 15:31:38.954354,-1177,29.3,"[0.5, 0.5, 0.0, 0.0]"
2018-04-16 15:31:40.966849,-1177,29.3,"[2.5, 0.0, 0.0, 0.0]"
2018-04-16 15:31:42.979271,-1177,29.3,"[1.0, 0.0, 0.0, 1.5]"
2018-04-16 15:31:44.991591,-1177,29.3,"[1.5, 0.5, 0.0, 0.5]"
2018-04-16 15:31:47.003946,-1177,29.3,"[1.5, 0.5, 0.0, 0.0]"
2018-04-16 15:31:49.016358,-1177,29.3,"[0.0, 1.5, 0.0, 1.0]"
2018-04-16 15:31:51.028770,-1177,29.3,"[0.5, 0.0, 0.0, 0.5]"
2018-04-16 15:31:53.041013,-1177,29.3,"[0.5, 0.5, 0.0, 0.5]"
2018-04-16 15:31:55.053430,-1177,29.3,"[1.0, 0.5, 0.0, 2.0]"
2018-04-16 15:31:57.066289,-1176,29.3,"[0.0, 0.0, 0.0, 1.0]"
2018-04-16 15:31:59.078850,-1176,29.3,"[1.0, 0.0, 0.0, 1.0]"
2018-04-16 15:32:01.091167,-1175,29.3,"[0.5, 0.5, 0.0, 1.0]"
2018-04-16 15:32:03.103672,-1175,29.3,"[3.0, 0.5, 0.0, 1.5]"
2018-04-16 15:32:05.116140,-1175,29.3,"[3.0, 0.0, 1.5, 2.5]"
2018-04-16 15:32:07.128621,-1175,29.3,"[2.0, 0.0, 0.0, 0.0]"
2018-04-16 15:32:09.140876,-1175,29.3,"[0.5, 0.5, 0.0, 1.0]"
2018-04-16 15:32:11.153278,-1176,29.3,"[2.0, 0.5, 0.0, 0.5]"
2018-04-16 15:32:13.165753,-1176,29.3,"[1.0, 0.0, 0.0, 0.0]"
2018-04-16 15:32:15.177556,-1176,29.3,"[1.5, 0.5, 0.0, 0.5]"
2018-04-16 15:32:17.189730,-1176,29.3,"[0.5, 1.0, 0.0, 1.0]"
2018-04-16 15:32:19.202198,-1176,29.3,"[1.0, 1.0, 0.0, 0.0]"
2018-04-16 15:32:21.214502,-1176,29.3,"[2.0, 0.5, 0.0, 0.0]"
2018-04-16 15:32:23.227203,-1176,29.3,"[1.0, 0.0, 0.0, 1.5]"
2018-04-16 15:32:25.239462,-1176,29.3,"[2.5, 0.0, 0.0, 1.0]"
2018-04-16 15:32:27.251742,-1177,29.4,"[2.0, 0.5, 0.0, 0.5]"
2018-04-16 15:32:29.263976,-1177,29.4,"[2.0, 0.0, 0.0, 1.5]"
2018-04-16 15:32:31.276513,-1177,29.4,"[2.0, 0.0, 0.0, 1.0]"
2018-04-16 15:32:33.288804,-1178,29.3,"[0.5, 0.0, 0.0, 0.0]"
2018-04-16 15:32:35.301121,-1178,29.3,"[2.0, 0.0, 0.0, 0.5]"
2018-04-16 15:32:37.313390,-1178,29.3,"[2.0, 0.0, 0.0, 1.5]"
2018-04-16 15:32:39.331015,-1178,29.4,"[1.0, 0.0, 0.0, 1.0]"
2018-04-16 15:32:41.345032,-1178,29.4,"[1.5, 0.0, 0.0, 0.0]"
2018-04-16 15:32:43.357438,-1178,29.4,"[2.5, 0.0, 0.0, 0.5]"
2018-04-16 15:32:45.369729,-1178,29.3,"[1.0, 0.5, 0.0, 1.0]"
2018-04-16 15:32:47.382078,-1178,29.3,"[1.0, 0.0, 0.0, 0.0]"
2018-04-16 15:32:49.395410,-1178,29.3,"[1.0, 1.0, 0.0, 0.0]"
2018-04-16 15:32:51.407735,-1178,29.3,"[0.5, 0.0, 0.0, 1.0]"
2018-04-16 15:32:53.419090,-1178,29.3,"[4.5, 2.5, 6.6, 3.5]"
2018-04-16 15:32:55.427895,-1178,29.3,"[0.5, 0.5, 0.0, 0.0]"
2018-04-16 15:32:57.437505,-1179,29.3,"[0.5, 0.0, 0.0, 0.0]"
2018-04-16 15:32:59.449690,-1179,29.3,"[0.5, 1.5, 0.5, 1.0]"
2018-04-16 15:33:01.462167,-1179,29.3,"[0.5, 0.5, 0.0, 1.0]"
2018-04-16 15:33:03.474497,-1179,29.3,"[2.0, 1.5, 0.0, 0.0]"
2018-04-16 15:33:05.487058,-1179,29.3,"[0.5, 0.0, 0.0, 1.5]"
2018-04-16 15:33:07.499404,-1179,29.3,"[1.0, 2.0, 0.0, 1.0]"
2018-04-16 15:33:09.511859,-1179,29.3,"[0.5, 0.5, 0.0, 0.0]"
2018-04-16 15:33:11.524067,-1178,29.3,"[1.5, 1.5, 0.0, 0.5]"
2018-04-16 15:33:13.536705,-1178,29.3,"[0.0, 0.0, 0.0, 1.0]"
2018-04-16 15:33:15.548894,-1178,29.3,"[0.5, 1.5, 0.0, 0.0]"
2018-04-16 15:33:17.561364,-1177,29.3,"[1.0, 0.5, 0.0, 0.0]"
2018-04-16 15:33:19.573600,-1177,29.3,"[1.5, 2.0, 0.0, 1.0]"
2018-04-16 15:33:21.586306,-1177,29.3,"[0.5, 0.0, 0.0, 0.5]"
2018-04-16 15:33:23.598601,-1176,29.3,"[1.0, 1.0, 0.0, 0.0]"
2018-04-16 15:33:25.610992,-1176,29.3,"[0.0, 1.0, 0.0, 0.5]"
2018-04-16 15:33:27.623288,-1175,29.3,"[1.0, 1.5, 0.0, 1.0]"
2018-04-16 15:33:29.635865,-1175,29.3,"[1.0, 0.5, 0.0, 0.0]"
2018-04-16 15:33:31.648107,-1174,29.3,"[1.5, 0.5, 0.0, 0.0]"
2018-04-16 15:33:33.660422,-1174,29.3,"[0.0, 1.5, 0.0, 1.0]"
2018-04-16 15:33:35.672620,-1173,29.3,"[1.0, 1.0, 0.0, 0.5]"
2018-04-16 15:33:37.685252,-1173,29.3,"[0.5, 1.5, 0.0, 0.0]"
2018-04-16 15:33:39.697560,-1172,29.3,"[1.5, 0.0, 0.0, 0.5]"
2018-04-16 15:33:41.709892,-1171,29.3,"[1.5, 0.5, 0.0, 1.0]"
2018-04-16 15:33:43.722210,-1171,29.3,"[1.5, 0.0, 0.0, 0.5]"
2018-04-16 15:33:45.734509,-1170,29.3,"[2.5, 0.0, 0.0, 0.0]"
2018-04-16 15:33:47.746759,-1170,29.3,"[1.5, 0.0, 0.0, 0.5]"
2018-04-16 15:33:49.757519,-1169,29.3,"[1.5, 0.0, 0.0, 1.0]"
2018-04-16 15:33:51.769759,-1168,29.3,"[1.5, 0.0, 0.0, 0.0]"
2018-04-16 15:33:53.782177,-1168,29.3,"[2.5, 0.0, 0.0, 0.0]"
2018-04-16 15:33:55.794496,-1168,29.3,"[1.5, 0.0, 0.0, 1.0]"
2018-04-16 15:33:57.807017,-1168,29.4,"[2.0, 0.0, 0.0, 0.5]"
2018-04-16 15:33:59.819279,-1168,29.3,"[1.0, 0.5, 0.0, 0.0]"
2018-04-16 15:34:01.831588,-1167,29.3,"[2.0, 0.0, 0.0, 0.5]"
2018-04-16 15:34:03.842857,-1167,29.3,"[3.1, 1.0, 6.9, 2.5]"
2018-04-16 15:34:05.851628,-1167,29.3,"[1.0, 0.0, 0.0, 0.5]"
2018-04-16 15:34:07.861349,-1167,29.3,"[2.5, 0.0, 0.0, 0.0]"
2018-04-16 15:34:09.873611,-1166,29.3,"[2.0, 0.0, 0.0, 1.0]"
2018-04-16 15:34:11.886204,-1166,29.3,"[1.0, 0.5, 0.0, 0.5]"
2018-04-16 15:34:13.898446,-1166,29.3,"[1.0, 0.0, 0.0, 0.0]"
2018-04-16 15:34:15.910653,-1167,29.3,"[1.0, 1.0, 0.0, 0.5]"
2018-04-16 15:34:17.922898,-1166,29.3,"[0.0, 1.5, 0.0, 1.0]"
2018-04-16 15:34:19.935379,-1167,29.3,"[2.0, 0.0, 0.0, 0.0]"
2018-04-16 15:34:21.947616,-1167,29.3,"[2.0, 0.0, 0.0, 0.0]"
2018-04-16 15:34:23.959806,-1167,29.3,"[0.5, 0.5, 0.0, 1.5]"
2018-04-16 15:34:25.972038,-1167,29.3,"[0.5, 1.5, 0.0, 0.5]"
2018-04-16 15:34:27.984265,-1167,29.3,"[0.5, 1.0, 0.5, 0.0]"
2018-04-16 15:34:29.996600,-1167,29.3,"[0.0, 1.5, 0.0, 1.0]"
2018-04-16 15:34:32.008779,-1167,29.3,"[0.0, 1.0, 0.0, 1.5]"
2018-04-16 15:34:34.020942,-1167,29.3,"[1.0, 1.0, 0.0, 1.5]"
2018-04-16 15:34:36.033260,-1167,29.3,"[0.0, 0.5, 0.0, 0.0]"
2018-04-16 15:34:38.046024,-1167,29.3,"[2.0, 0.5, 0.0, 1.0]"
2018-04-16 15:34:40.057584,-1167,29.3,"[0.5, 0.0, 0.0, 1.0]"
2018-04-16 15:34:42.069969,-1167,29.3,"[1.0, 1.0, 0.0, 0.5]"
2018-04-16 15:34:44.082164,-1167,29.3,"[0.5, 0.5, 0.0, 1.0]"
2018-04-16 15:34:46.094426,-1167,29.3,"[2.0, 0.5, 0.0, 0.5]"
2018-04-16 15:34:48.106720,-1167,29.3,"[0.0, 0.0, 0.0, 0.0]"
2018-04-16 15:34:50.118864,-1167,29.3,"[1.5, 0.0, 0.0, 1.0]"
2018-04-16 15:34:52.131090,-1167,29.3,"[0.0, 0.5, 0.0, 1.0]"
2018-04-16 15:34:54.143304,-1167,29.3,"[1.5, 1.0, 0.0, 0.0]"
2018-04-16 15:34:56.155745,-1167,29.3,"[0.5, 0.0, 0.0, 1.0]"
2018-04-16 15:34:58.168026,-1167,29.3,"[1.0, 0.5, 0.0, 0.0]"
2018-04-16 15:35:00.180250,-1168,29.3,"[0.0, 1.0, 0.0, 0.0]"
2018-04-16 15:35:02.192448,-1167,29.3,"[0.5, 1.5, 0.0, 0.5]"
2018-04-16 15:35:04.204855,-1168,29.3,"[2.5, 0.0, 0.0, 0.0]"
2018-04-16 15:35:06.217437,-1168,29.3,"[2.5, 0.0, 0.0, 0.0]"
2018-04-16 15:35:08.229619,-1168,29.3,"[1.0, 0.0, 0.0, 0.0]"
2018-04-16 15:35:10.241806,-1168,29.3,"[2.5, 1.0, 0.5, 0.0]"
2018-04-16 15:35:12.254086,-1169,29.3,"[2.0, 0.0, 0.0, 0.0]"
2018-04-16 15:35:14.266499,-1169,29.4,"[5.5, 2.5, 6.4, 4.5]"
2018-04-16 15:35:16.278993,-1168,29.4,"[0.5, 0.5, 0.5, 0.5]"
2018-04-16 15:35:18.291275,-1168,29.4,"[1.0, 0.5, 1.0, 0.5]"
2018-04-16 15:35:20.303715,-1168,29.4,"[1.0, 0.0, 0.0, 0.5]"
2018-04-16 15:35:22.316175,-1168,29.4,"[0.0, 0.0, 1.5, 0.0]"
2018-04-16 15:35:24.328548,-1168,29.4,"[1.5, 0.0, 0.0, 0.0]"
2018-04-16 15:35:26.340750,-1168,29.4,"[0.5, 1.0, 2.0, 0.5]"
2018-04-16 15:35:28.353237,-1167,29.4,"[0.0, 0.0, 0.0, 0.5]"
2018-04-16 15:35:30.365676,-1167,29.3,"[1.0, 0.0, 1.0, 1.0]"
2018-04-16 15:35:32.377511,-1166,29.3,"[1.0, 0.0, 0.0, 0.0]"
2018-04-16 15:35:34.392245,-1166,29.4,"[0.0, 0.5, 0.0, 2.5]"
2018-04-16 15:35:36.404560,-1165,29.3,"[0.5, 1.0, 0.0, 0.5]"
2018-04-16 15:35:38.416889,-1165,29.3,"[1.5, 0.0, 0.0, 1.5]"
2018-04-16 15:35:40.429258,-1164,29.3,"[1.5, 0.0, 0.0, 0.5]"
2018-04-16 15:35:42.441531,-1164,29.3,"[0.0, 0.5, 0.0, 2.5]"
2018-04-16 15:35:44.453811,-1163,29.3,"[1.5, 0.0, 0.0, 0.5]"
2018-04-16 15:35:46.466214,-1164,29.4,"[0.0, 1.0, 0.0, 1.0]"
2018-04-16 15:35:48.477502,-1164,29.4,"[0.0, 0.5, 0.0, 0.0]"
2018-04-16 15:35:50.489679,-1164,29.3,"[2.5, 0.5, 0.0, 1.5]"
2018-04-16 15:35:52.502011,-1164,29.4,"[0.5, 0.0, 0.0, 0.5]"
2018-04-16 15:35:54.514230,-1164,29.3,"[2.0, 0.0, 0.0, 0.0]"
2018-04-16 15:35:56.526691,-1164,29.3,"[0.5, 1.5, 0.0, 0.0]"
2018-04-16 15:35:58.537508,-1163,29.3,"[1.5, 1.5, 0.0, 0.0]"
2018-04-16 15:36:00.549991,-1163,29.3,"[1.0, 1.0, 0.0, 0.0]"
2018-04-16 15:36:02.562205,-1163,29.4,"[1.5, 0.5, 0.0, 0.5]"
2018-04-16 15:36:04.574214,-1163,29.3,"[5.0, 5.1, 2.0, 0.0]"
2018-04-16 15:36:06.583011,-1163,29.3,"[0.0, 1.0, 0.0, 0.0]"
2018-04-16 15:36:08.592585,-1162,29.3,"[0.0, 2.0, 0.0, 0.0]"
2018-04-16 15:36:10.604995,-1162,29.3,"[0.5, 1.0, 0.0, 0.0]"
2018-04-16 15:36:12.617375,-1161,29.3,"[1.5, 1.5, 0.0, 0.0]"
2018-04-16 15:36:14.629706,-1161,29.3,"[0.5, 0.5, 0.0, 0.0]"
2018-04-16 15:36:16.642094,-1160,29.3,"[0.5, 2.0, 0.0, 0.0]"
2018-04-16 15:36:18.654270,-1160,29.3,"[0.5, 2.0, 0.0, 0.0]"
2018-04-16 15:36:20.666778,-1160,29.3,"[0.0, 2.0, 0.0, 0.0]"
2018-04-16 15:36:22.677631,-1159,29.3,"[0.5, 1.5, 0.0, 0.0]"
2018-04-16 15:36:24.689988,-1160,29.3,"[0.0, 2.0, 0.0, 0.0]"
2018-04-16 15:36:26.702272,-1159,29.3,"[0.5, 1.5, 0.0, 0.0]"
2018-04-16 15:36:28.714930,-1159,29.3,"[1.5, 2.0, 0.0, 0.0]"
2018-04-16 15:36:30.727035,-1159,29.3,"[1.0, 0.0, 0.0, 0.0]"
2018-04-16 15:36:32.737503,-1159,29.3,"[1.5, 1.5, 0.0, 0.0]"
2018-04-16 15:36:34.749747,-1159,29.3,"[0.5, 1.0, 0.0, 0.0]"
2018-04-16 15:36:36.762218,-1159,29.3,"[0.5, 2.5, 0.0, 0.0]"
2018-04-16 15:36:38.774515,-1159,29.3,"[0.0, 0.5, 0.0, 0.0]"
2018-04-16 15:36:40.786939,-1159,29.3,"[0.5, 2.0, 0.0, 0.0]"
2018-04-16 15:36:42.797613,-1159,29.3,"[1.0, 1.5, 0.0, 0.0]"
2018-04-16 15:36:44.809863,-1159,29.3,"[2.5, 1.5, 0.0, 0.0]"
2018-04-16 15:36:46.822081,-1159,29.3,"[1.5, 0.5, 0.0, 0.0]"
2018-04-16 15:36:48.834279,-1159,29.3,"[1.0, 2.5, 0.0, 0.0]"
2018-04-16 15:36:50.846660,-1159,29.3,"[0.5, 1.5, 0.0, 0.0]"
2018-04-16 15:36:52.857531,-1159,29.3,"[2.0, 0.0, 0.0, 0.0]"
2018-04-16 15:36:54.871576,-1158,29.3,"[0.0, 1.0, 0.0, 0.0]"
2018-04-16 15:36:56.885728,-1159,29.3,"[2.5, 1.5, 0.0, 0.0]"
2018-04-16 15:36:58.897476,-1159,29.3,"[0.0, 0.5, 0.0, 0.0]"
2018-04-16 15:37:00.909888,-1159,29.3,"[1.0, 1.5, 0.0, 0.0]"
2018-04-16 15:37:02.922276,-1159,29.3,"[0.5, 1.5, 0.0, 0.0]"
2018-04-16 15:37:04.935517,-1159,29.3,"[1.5, 1.5, 0.0, 0.0]"
2018-04-16 15:37:06.947499,-1160,29.3,"[0.0, 0.0, 0.0, 0.0]"
2018-04-16 15:37:08.959704,-1160,29.3,"[2.0, 0.5, 0.0, 0.0]"
2018-04-16 15:37:10.971990,-1160,29.3,"[1.0, 1.0, 0.0, 0.0]"
2018-04-16 15:37:12.984519,-1161,29.3,"[2.0, 0.0, 0.0, 0.0]"
2018-04-16 15:37:14.996921,-1161,29.3,"[0.0, 1.0, 0.0, 0.0]"
2018-04-16 15:37:17.009187,-1162,29.3,"[2.0, 1.0, 0.0, 0.0]"
2018-04-16 15:37:19.021400,-1161,29.3,"[1.0, 0.5, 0.0, 0.0]"
2018-04-16 15:37:21.033696,-1162,29.3,"[0.5, 1.5, 0.0, 0.0]"
2018-04-16 15:37:23.046135,-1162,29.3,"[0.5, 1.0, 0.0, 0.0]"
2018-04-16 15:37:25.058427,-1162,29.3,"[2.0, 1.5, 0.0, 0.0]"
2018-04-16 15:37:27.070702,-1162,29.3,"[1.5, 0.5, 0.0, 0.0]"
2018-04-16 15:37:29.083022,-1161,29.3,"[0.5, 1.5, 0.0, 0.0]"
2018-04-16 15:37:31.095550,-1161,29.3,"[2.0, 0.5, 0.0, 0.0]"
2018-04-16 15:37:33.107504,-1161,29.3,"[0.0, 1.0, 0.0, 0.0]"
2018-04-16 15:37:35.119748,-1161,29.3,"[0.0, 2.0, 0.0, 0.0]"
2018-04-16 15:37:37.132020,-1159,29.3,"[1.5, 2.5, 1.5, 1.0]"
2018-04-16 15:37:39.143613,-1160,29.3,"[5.6, 5.9, 5.4, 4.0]"
2018-04-16 15:37:41.152508,-1159,29.3,"[1.5, 1.5, 0.0, 0.5]"
2018-04-16 15:37:43.162126,-1158,29.3,"[0.5, 1.5, 0.0, 0.0]"
2018-04-16 15:37:45.174445,-1158,29.3,"[1.0, 1.0, 0.5, 0.0]"
2018-04-16 15:37:47.186988,-1157,29.3,"[1.0, 0.5, 0.0, 0.0]"
2018-04-16 15:37:49.199241,-1157,29.3,"[0.5, 1.5, 0.0, 0.0]"
2018-04-16 15:37:51.211727,-1156,29.3,"[1.0, 0.5, 0.5, 0.0]"
2018-04-16 15:37:53.225572,-1155,29.3,"[0.5, 1.5, 0.5, 0.0]"
2018-04-16 15:37:55.237520,-1155,29.3,"[0.0, 0.0, 0.0, 0.0]"
2018-04-16 15:37:57.249716,-1154,29.3,"[1.5, 2.0, 0.0, 0.0]"
2018-04-16 15:37:59.262110,-1154,29.3,"[0.5, 0.0, 1.0, 0.0]"
2018-04-16 15:38:01.274322,-1153,29.3,"[0.5, 0.5, 0.5, 1.0]"
2018-04-16 15:38:03.286799,-1153,29.3,"[1.0, 0.5, 0.0, 1.0]"
2018-04-16 15:38:05.298548,-1152,29.3,"[4.5, 1.0, 3.5, 5.9]"
2018-04-16 15:38:07.308410,-1151,29.3,"[0.5, 0.0, 0.0, 0.0]"
2018-04-16 15:38:09.320618,-1151,29.3,"[0.5, 2.0, 0.0, 0.0]"
2018-04-16 15:38:11.332873,-1151,29.3,"[1.0, 0.5, 0.0, 0.0]"
2018-04-16 15:38:13.345628,-1151,29.3,"[1.5, 2.0, 0.0, 0.0]"
2018-04-16 15:38:15.358087,-1150,29.3,"[0.0, 0.5, 0.0, 0.0]"
2018-04-16 15:38:17.370309,-1151,29.3,"[1.0, 2.0, 0.0, 0.0]"
2018-04-16 15:38:19.382849,-1150,29.3,"[0.5, 0.5, 0.0, 0.0]"
2018-04-16 15:38:21.395591,-1150,29.3,"[1.0, 2.0, 0.0, 0.0]"
2018-04-16 15:38:23.407503,-1150,29.3,"[1.0, 0.5, 0.0, 0.0]"
2018-04-16 15:38:25.419691,-1149,29.3,"[0.5, 2.0, 0.0, 0.0]"
2018-04-16 15:38:27.432062,-1148,29.3,"[0.0, 1.0, 0.0, 0.0]"
2018-04-16 15:38:29.444258,-1148,29.3,"[2.5, 1.5, 0.0, 0.0]"
2018-04-16 15:38:31.456962,-1147,29.3,"[0.5, 0.5, 0.0, 0.0]"
2018-04-16 15:38:33.469246,-1147,29.3,"[0.0, 2.0, 0.0, 0.0]"
2018-04-16 15:38:35.481635,-1146,29.3,"[1.0, 1.0, 0.0, 0.0]"
2018-04-16 15:38:37.493861,-1145,29.3,"[1.5, 1.5, 0.0, 0.0]"
2018-04-16 15:38:39.506640,-1145,29.3,"[0.5, 0.5, 0.0, 0.0]"
2018-04-16 15:38:41.518860,-1144,29.3,"[0.5, 1.5, 0.0, 0.0]"
2018-04-16 15:38:43.531302,-1144,29.3,"[2.0, 1.0, 0.0, 0.0]"
2018-04-16 15:38:45.543523,-1143,29.3,"[0.5, 1.5, 0.0, 0.5]"
2018-04-16 15:38:47.556459,-1142,29.3,"[0.0, 1.5, 0.0, 0.0]"
2018-04-16 15:38:49.568638,-1142,29.3,"[1.0, 1.0, 0.0, 0.0]"
2018-04-16 15:38:51.580954,-1141,29.3,"[0.5, 1.5, 0.0, 0.0]"
2018-04-16 15:38:53.593160,-1140,29.3,"[0.0, 1.5, 0.0, 0.0]"
2018-04-16 15:38:55.605895,-1140,29.3,"[1.5, 0.5, 0.0, 0.0]"
2018-04-16 15:38:57.618093,-1139,29.3,"[1.0, 1.0, 0.0, 0.0]"
2018-04-16 15:38:59.630328,-1139,29.3,"[1.0, 0.0, 0.0, 0.0]"
2018-04-16 15:39:01.642475,-1138,29.2,"[0.0, 1.5, 0.0, 0.5]"
2018-04-16 15:39:03.655195,-1138,29.3,"[1.5, 1.0, 0.0, 0.5]"
2018-04-16 15:39:05.667524,-1137,29.3,"[0.5, 0.5, 0.0, 1.5]"
2018-04-16 15:39:07.678682,-1137,29.3,"[0.5, 0.0, 0.0, 0.0]"
2018-04-16 15:39:09.690880,-1136,29.3,"[2.0, 0.0, 0.0, 1.0]"
2018-04-16 15:39:11.703263,-1136,29.3,"[1.5, 0.0, 0.0, 0.5]"
2018-04-16 15:39:13.715673,-1135,29.3,"[1.0, 0.5, 0.0, 0.5]"
2018-04-16 15:39:15.727615,-1135,29.3,"[1.0, 0.5, 0.0, 0.5]"
2018-04-16 15:39:17.740003,-1134,29.3,"[2.0, 0.0, 0.0, 0.5]"
2018-04-16 15:39:19.752472,-1134,29.3,"[0.5, 0.0, 0.0, 1.0]"
2018-04-16 15:39:21.764857,-1133,29.2,"[1.5, 0.0, 0.0, 0.5]"
2018-04-16 15:39:23.777214,-1134,29.3,"[2.5, 0.0, 0.0, 0.0]"
2018-04-16 15:39:25.789480,-1133,29.3,"[2.0, 0.0, 0.0, 0.0]"
2018-04-16 15:39:27.801758,-1133,29.3,"[0.5, 0.0, 0.0, 0.0]"
2018-04-16 15:39:29.813971,-1132,29.3,"[3.0, 0.0, 0.0, 1.5]"
2018-04-16 15:39:31.827010,-1131,29.3,"[1.0, 0.0, 0.0, 0.0]"
2018-04-16 15:39:33.839273,-1131,29.3,"[2.0, 0.5, 0.0, 1.0]"
2018-04-16 15:39:35.851587,-1131,29.3,"[0.5, 0.5, 0.0, 0.0]"
2018-04-16 15:39:37.863837,-1131,29.3,"[2.5, 0.0, 0.0, 1.5]"
2018-04-16 15:39:39.876592,-1130,29.2,"[1.0, 0.0, 0.0, 0.0]"
2018-04-16 15:39:41.887502,-1130,29.3,"[0.0, 0.0, 0.0, 1.5]"
2018-04-16 15:39:43.899727,-1130,29.3,"[0.5, 0.0, 0.0, 0.5]"
2018-04-16 15:39:45.911903,-1129,29.2,"[1.5, 0.0, 0.0, 1.5]"
2018-04-16 15:39:47.924159,-1130,29.3,"[1.0, 0.0, 0.0, 0.0]"
2018-04-16 15:39:49.936490,-1129,29.3,"[1.0, 0.5, 0.0, 1.5]"
2018-04-16 15:39:51.948870,-1129,29.3,"[1.0, 0.0, 0.0, 0.0]"
2018-04-16 15:39:53.961059,-1129,29.3,"[0.5, 0.5, 0.0, 1.5]"
2018-04-16 15:39:55.973383,-1129,29.3,"[0.5, 0.5, 0.0, 0.5]"
2018-04-16 15:39:57.985804,-1129,29.3,"[1.5, 0.0, 0.0, 1.5]"
2018-04-16 15:39:59.998099,-1129,29.3,"[1.0, 0.0, 0.0, 0.0]"
2018-04-16 15:40:02.010225,-1129,29.3,"[0.0, 0.0, 0.0, 2.0]"
2018-04-16 15:40:04.021587,-1129,29.3,"[3.0, 2.5, 5.0, 5.5]"
2018-04-16 15:40:06.030282,-1130,29.3,"[1.0, 0.0, 0.0, 0.0]"
2018-04-16 15:40:08.039814,-1130,29.3,"[0.0, 0.0, 0.0, 1.5]"
2018-04-16 15:40:10.052014,-1130,29.3,"[1.0, 1.0, 0.0, 0.5]"
2018-04-16 15:40:12.064609,-1130,29.3,"[2.0, 0.5, 0.0, 1.5]"
2018-04-16 15:40:14.076842,-1131,29.3,"[0.0, 0.0, 0.0, 0.5]"
2018-04-16 15:40:16.087544,-1131,29.3,"[0.5, 0.5, 0.0, 2.0]"
2018-04-16 15:40:18.099828,-1131,29.3,"[1.0, 0.0, 0.0, 1.0]"
2018-04-16 15:40:20.112203,-1131,29.3,"[1.0, 0.0, 0.0, 1.0]"
2018-04-16 15:40:22.124511,-1132,29.3,"[1.0, 0.0, 0.0, 1.5]"
2018-04-16 15:40:24.136915,-1132,29.3,"[1.5, 0.0, 0.0, 0.5]"
2018-04-16 15:40:26.147517,-1132,29.3,"[1.0, 0.0, 0.0, 1.0]"
2018-04-16 15:40:28.160015,-1132,29.3,"[0.0, 0.0, 0.0, 1.0]"
2018-04-16 15:40:30.172247,-1132,29.3,"[2.5, 0.0, 0.5, 0.5]"
2018-04-16 15:40:32.185282,-1132,29.3,"[1.5, 1.0, 0.5, 0.5]"
2018-04-16 15:40:34.197842,-1132,29.3,"[0.5, 0.0, 0.0, 1.5]"
2018-04-16 15:40:36.212519,-1132,29.3,"[0.0, 0.0, 0.0, 2.0]"
2018-04-16 15:40:38.225247,-1132,29.3,"[1.5, 0.0, 0.0, 0.5]"
2018-04-16 15:40:40.237482,-1132,29.3,"[1.0, 1.0, 0.0, 1.0]"
2018-04-16 15:40:42.249952,-1132,29.3,"[0.0, 0.0, 0.0, 1.0]"
2018-04-16 15:40:44.262459,-1132,29.3,"[1.0, 0.5, 0.0, 1.0]"
2018-04-16 15:40:46.275221,-1132,29.3,"[1.0, 0.0, 0.0, 1.0]"
2018-04-16 15:40:48.287455,-1132,29.3,"[0.0, 0.0, 0.0, 1.0]"
2018-04-16 15:40:50.299940,-1132,29.3,"[1.0, 0.0, 0.0, 1.5]"
2018-04-16 15:40:52.312208,-1133,29.3,"[1.0, 1.0, 0.0, 1.0]"
2018-04-16 15:40:54.325403,-1133,29.3,"[1.5, 0.5, 0.0, 0.0]"
2018-04-16 15:40:56.337748,-1133,29.3,"[0.5, 0.0, 0.0, 0.5]"
2018-04-16 15:40:58.350039,-1133,29.3,"[2.0, 0.5, 0.0, 0.0]"
2018-04-16 15:41:00.362273,-1133,29.3,"[1.5, 1.0, 0.0, 0.5]"
2018-04-16 15:41:02.374712,-1134,29.3,"[1.5, 0.0, 0.0, 0.0]"
2018-04-16 15:41:04.386961,-1134,29.3,"[1.5, 0.0, 0.0, 0.5]"
2018-04-16 15:41:06.403410,-1134,29.3,"[1.5, 0.5, 0.0, 0.0]"
2018-04-16 15:41:08.416679,-1134,29.3,"[1.0, 0.0, 0.0, 0.5]"
2018-04-16 15:41:10.429099,-1134,29.3,"[1.5, 0.0, 0.0, 0.5]"
2018-04-16 15:41:12.441333,-1134,29.3,"[2.0, 0.5, 0.0, 1.5]"
2018-04-16 15:41:14.454019,-1134,29.3,"[0.5, 0.5, 0.0, 0.0]"
2018-04-16 15:41:16.466328,-1134,29.3,"[0.0, 0.5, 1.0, 1.5]"
2018-04-16 15:41:18.478816,-1134,29.3,"[1.0, 0.0, 0.0, 0.0]"
2018-04-16 15:41:20.491030,-1134,29.3,"[0.5, 0.5, 0.5, 2.0]"
2018-04-16 15:41:22.503606,-1134,29.3,"[0.5, 0.5, 0.0, 0.0]"
2018-04-16 15:41:24.516016,-1133,29.3,"[1.0, 1.0, 0.0, 0.5]"
2018-04-16 15:41:26.528523,-1133,29.3,"[0.5, 1.0, 0.0, 0.0]"
2018-04-16 15:41:28.540778,-1133,29.3,"[0.5, 0.5, 0.5, 2.0]"
2018-04-16 15:41:30.553415,-1133,29.3,"[1.0, 1.5, 0.0, 0.0]"
2018-04-16 15:41:32.566112,-1133,29.3,"[2.0, 0.0, 0.0, 1.0]"
2018-04-16 15:41:34.577528,-1132,29.3,"[0.5, 1.5, 0.0, 0.0]"
2018-04-16 15:41:36.589754,-1132,29.3,"[2.0, 1.0, 0.0, 0.0]"
2018-04-16 15:41:38.602189,-1132,29.3,"[1.0, 1.5, 0.0, 0.0]"
2018-04-16 15:41:40.614543,-1131,29.3,"[1.0, 1.0, 0.0, 0.0]"
2018-04-16 15:41:42.627051,-1132,29.3,"[0.5, 0.0, 0.0, 1.0]"
2018-04-16 15:41:44.639387,-1131,29.3,"[2.0, 0.0, 0.0, 1.0]"
2018-04-16 15:41:46.651797,-1131,29.3,"[1.0, 0.5, 0.0, 0.5]"
2018-04-16 15:41:48.663997,-1131,29.3,"[1.0, 0.5, 0.0, 0.0]"
2018-04-16 15:41:50.676580,-1131,29.3,"[1.0, 1.0, 0.0, 0.0]"
2018-04-16 15:41:52.687496,-1131,29.4,"[1.5, 0.0, 0.0, 0.5]"
2018-04-16 15:41:54.700059,-1130,29.3,"[0.0, 1.5, 0.0, 0.0]"
2018-04-16 15:41:56.712207,-1130,29.3,"[2.5, 0.5, 0.0, 0.0]"
2018-04-16 15:41:58.725040,-1130,29.3,"[1.5, 1.5, 0.0, 0.0]"
2018-04-16 15:42:00.737332,-1130,29.3,"[1.0, 0.0, 0.0, 0.0]"
2018-04-16 15:42:02.750182,-1130,29.3,"[1.0, 2.0, 0.0, 0.0]"
2018-04-16 15:42:04.761503,-1129,29.3,"[4.5, 7.0, 3.5, 0.0]"
2018-04-16 15:42:06.769813,-1129,29.3,"[0.0, 0.5, 0.5, 0.0]"
2018-04-16 15:42:08.779480,-1129,29.3,"[1.0, 1.5, 0.5, 0.0]"
2018-04-16 15:42:10.791741,-1129,29.3,"[1.5, 1.5, 0.0, 0.0]"
2018-04-16 15:42:12.803961,-1129,29.3,"[2.0, 0.5, 0.0, 0.0]"
2018-04-16 15:42:14.816342,-1128,29.3,"[1.0, 0.0, 0.0, 0.0]"
2018-04-16 15:42:16.828519,-1128,29.3,"[0.5, 1.5, 0.0, 1.0]"
2018-04-16 15:42:18.840822,-1128,29.3,"[0.5, 0.5, 0.0, 0.5]"
2018-04-16 15:42:20.853065,-1128,29.3,"[0.0, 2.0, 0.0, 0.0]"
2018-04-16 15:42:22.865593,-1128,29.3,"[1.5, 1.0, 0.0, 0.0]"
2018-04-16 15:42:24.878070,-1127,29.3,"[1.0, 1.5, 0.0, 0.0]"
2018-04-16 15:42:26.890364,-1127,29.3,"[0.0, 1.0, 0.0, 0.0]"
2018-04-16 15:42:28.902907,-1127,29.3,"[0.0, 2.5, 0.0, 0.0]"
2018-04-16 15:42:30.915381,-1127,29.3,"[2.0, 0.5, 0.0, 0.0]"
2018-04-16 15:42:32.928777,-1127,29.3,"[5.1, 4.0, 3.4, 3.4]"
2018-04-16 15:42:34.941972,-1127,29.3,"[0.5, 0.5, 0.0, 0.0]"
2018-04-16 15:42:36.954167,-1126,29.3,"[1.5, 1.0, 0.0, 0.5]"
2018-04-16 15:42:38.966675,-1126,29.3,"[1.0, 0.0, 0.0, 0.0]"
2018-04-16 15:42:40.978937,-1126,29.3,"[1.0, 1.0, 0.0, 0.0]"
2018-04-16 15:42:42.991338,-1126,29.3,"[1.5, 0.5, 0.0, 0.0]"
2018-04-16 15:42:45.003652,-1126,29.3,"[1.5, 1.0, 0.0, 0.0]"
2018-04-16 15:42:47.016095,-1126,29.3,"[0.5, 1.5, 0.0, 0.0]"
2018-04-16 15:42:49.028318,-1126,29.3,"[0.5, 2.0, 0.0, 0.0]"
2018-04-16 15:42:51.040506,-1126,29.3,"[1.5, 1.5, 0.0, 0.0]"
2018-04-16 15:42:53.052761,-1126,29.3,"[0.0, 0.5, 0.0, 0.0]"
2018-04-16 15:42:55.065125,-1126,29.3,"[1.0, 1.5, 0.0, 0.0]"
2018-04-16 15:42:57.077397,-1125,29.3,"[1.0, 1.0, 0.0, 0.0]"
2018-04-16 15:42:59.089683,-1126,29.3,"[1.0, 1.5, 0.0, 0.0]"
2018-04-16 15:43:01.101949,-1125,29.3,"[0.5, 0.5, 0.0, 0.0]"
2018-04-16 15:43:03.114161,-1126,29.3,"[1.5, 1.0, 0.0, 0.0]"
2018-04-16 15:43:05.126570,-1125,29.3,"[1.0, 0.0, 0.0, 0.0]"
2018-04-16 15:43:07.138808,-1125,29.3,"[1.0, 1.0, 0.0, 0.0]"
2018-04-16 15:43:09.150154,-1125,29.4,"[1.0, 3.0, 1.5, 2.5]"
2018-04-16 15:43:11.158860,-1125,29.4,"[0.5, 0.5, 0.0, 0.0]"
2018-04-16 15:43:13.168406,-1125,29.4,"[1.5, 0.0, 0.0, 0.0]"
2018-04-16 15:43:15.180753,-1126,29.4,"[2.0, 0.0, 0.0, 0.0]"
2018-04-16 15:43:17.192949,-1126,29.4,"[2.5, 0.0, 0.0, 0.0]"
2018-04-16 15:43:19.205616,-1126,29.3,"[3.5, 0.0, 1.0, 0.5]"
2018-04-16 15:43:21.218220,-1127,29.3,"[1.0, 0.0, 0.0, 0.0]"
2018-04-16 15:43:23.230746,-1127,29.3,"[1.5, 1.0, 0.0, 0.0]"
2018-04-16 15:43:25.242955,-1127,29.3,"[2.0, 0.5, 0.0, 0.0]"
2018-04-16 15:43:27.255650,-1127,29.3,"[2.5, 0.0, 0.0, 0.0]"
2018-04-16 15:43:29.267900,-1128,29.3,"[2.0, 0.0, 0.0, 0.0]"
2018-04-16 15:43:31.280406,-1128,29.3,"[1.5, 0.0, 0.0, 0.0]"
2018-04-16 15:43:33.292749,-1129,29.3,"[2.5, 0.5, 0.0, 0.5]"
2018-04-16 15:43:35.305433,-1129,29.3,"[2.0, 0.0, 0.0, 0.0]"
2018-04-16 15:43:37.317699,-1129,29.3,"[2.0, 0.0, 0.0, 0.0]"
2018-04-16 15:43:39.330010,-1129,29.3,"[2.0, 0.0, 0.0, 0.0]"
2018-04-16 15:43:41.342258,-1129,29.3,"[2.0, 0.5, 0.0, 0.5]"
2018-04-16 15:43:43.354578,-1130,29.3,"[2.0, 0.0, 0.5, 0.0]"
2018-04-16 15:43:45.366853,-1130,29.3,"[2.0, 0.5, 0.5, 0.0]"
2018-04-16 15:43:47.377500,-1130,29.3,"[1.0, 0.0, 1.0, 0.0]"
2018-04-16 15:43:49.389738,-1130,29.3,"[1.0, 0.0, 0.0, 1.0]"
2018-04-16 15:43:51.404797,-1130,29.3,"[1.0, 0.5, 1.0, 0.0]"
2018-04-16 15:43:53.417361,-1130,29.3,"[2.5, 0.0, 0.5, 0.0]"
2018-04-16 15:43:55.429680,-1130,29.3,"[1.0, 0.0, 0.5, 0.0]"
2018-04-16 15:43:57.442125,-1130,29.3,"[1.5, 0.5, 1.5, 0.0]"
2018-04-16 15:43:59.454482,-1130,29.3,"[1.0, 0.0, 0.0, 0.0]"
2018-04-16 15:44:01.467892,-1130,29.3,"[0.0, 0.0, 1.5, 0.0]"
2018-04-16 15:44:03.480144,-1130,29.3,"[2.5, 0.0, 1.5, 0.5]"
2018-04-16 15:44:05.491732,-1130,29.3,"[2.0, 4.5, 3.5, 2.0]"
2018-04-16 15:44:07.501341,-1130,29.3,"[0.5, 0.0, 1.0, 0.0]"
2018-04-16 15:44:09.513554,-1130,29.3,"[1.5, 0.0, 1.5, 0.0]"
2018-04-16 15:44:11.526046,-1131,29.3,"[0.5, 0.0, 1.5, 0.0]"
2018-04-16 15:44:13.538295,-1130,29.3,"[0.5, 0.5, 0.0, 0.0]"
2018-04-16 15:44:15.550628,-1131,29.3,"[2.0, 1.0, 0.0, 0.0]"
2018-04-16 15:44:17.562912,-1131,29.3,"[0.5, 0.0, 0.0, 0.0]"
2018-04-16 15:44:19.576344,-1130,29.3,"[3.0, 0.5, 0.0, 0.0]"
2018-04-16 15:44:21.588737,-1131,29.3,"[0.0, 1.5, 0.0, 0.0]"
2018-04-16 15:44:23.600930,-1131,29.3,"[2.5, 0.0, 1.0, 0.0]"
2018-04-16 15:44:25.613314,-1131,29.3,"[0.5, 0.0, 0.0, 0.0]"
2018-04-16 15:44:27.625742,-1131,29.3,"[2.0, 1.0, 0.0, 0.0]"
2018-04-16 15:44:29.639344,-1131,29.3,"[0.5, 0.5, 0.0, 0.0]"
2018-04-16 15:44:31.651625,-1131,29.3,"[2.0, 0.0, 0.0, 0.0]"
2018-04-16 15:44:33.664003,-1132,29.3,"[1.0, 0.5, 0.0, 0.0]"
2018-04-16 15:44:35.676360,-1132,29.3,"[1.5, 1.0, 0.0, 0.0]"
2018-04-16 15:44:37.688651,-1132,29.3,"[0.0, 0.5, 0.0, 0.0]"
2018-04-16 15:44:39.700838,-1132,29.3,"[2.5, 0.5, 0.0, 0.0]"
2018-04-16 15:44:41.713170,-1132,29.3,"[1.0, 1.0, 0.5, 0.0]"
2018-04-16 15:44:43.725625,-1133,29.3,"[2.0, 0.5, 0.0, 0.0]"
2018-04-16 15:44:45.737935,-1132,29.3,"[0.5, 0.0, 0.0, 0.0]"
2018-04-16 15:44:47.750127,-1133,29.3,"[3.0, 0.5, 0.5, 0.0]"
2018-04-16 15:44:49.762464,-1133,29.3,"[1.0, 0.5, 0.0, 0.0]"
2018-04-16 15:44:51.774892,-1133,29.3,"[1.5, 0.0, 0.0, 0.0]"
2018-04-16 15:44:53.787207,-1133,29.3,"[1.5, 0.5, 0.0, 0.0]"
2018-04-16 15:44:55.799526,-1134,29.3,"[1.5, 1.0, 0.0, 0.0]"
2018-04-16 15:44:57.811842,-1134,29.3,"[1.0, 0.0, 0.0, 0.0]"
2018-04-16 15:44:59.824072,-1134,29.3,"[2.0, 1.0, 0.0, 0.0]"
2018-04-16 15:45:01.837013,-1134,29.3,"[0.5, 1.0, 0.5, 0.0]"
2018-04-16 15:45:03.849292,-1135,29.3,"[1.0, 1.0, 0.0, 0.0]"
2018-04-16 15:45:05.861530,-1134,29.3,"[1.5, 0.0, 0.0, 0.0]"
2018-04-16 15:45:07.873728,-1134,29.3,"[3.0, 1.0, 0.0, 0.0]"
2018-04-16 15:45:09.886180,-1135,29.3,"[1.0, 1.0, 0.0, 0.0]"
2018-04-16 15:45:11.898485,-1134,29.3,"[1.0, 0.0, 0.0, 0.0]"
2018-04-16 15:45:13.910692,-1135,29.3,"[1.0, 0.5, 0.0, 0.0]"
2018-04-16 15:45:15.922957,-1135,29.3,"[2.0, 1.0, 0.0, 0.0]"
2018-04-16 15:45:17.935445,-1135,29.3,"[2.5, 1.0, 0.0, 0.0]"
2018-04-16 15:45:19.947540,-1134,29.3,"[1.0, 0.0, 0.5, 0.0]"
2018-04-16 15:45:21.959786,-1135,29.3,"[0.5, 0.5, 0.5, 0.0]"
2018-04-16 15:45:23.972149,-1135,29.3,"[2.0, 1.0, 0.0, 0.0]"
2018-04-16 15:45:25.984346,-1135,29.3,"[1.0, 1.0, 0.0, 0.0]"
2018-04-16 15:45:27.996810,-1135,29.3,"[0.5, 0.5, 0.0, 0.0]"
2018-04-16 15:45:30.007495,-1135,29.3,"[1.5, 1.5, 0.0, 0.0]"
2018-04-16 15:45:32.019689,-1134,29.3,"[1.0, 1.0, 0.0, 0.0]"
2018-04-16 15:45:34.031967,-1134,29.3,"[1.5, 0.5, 0.0, 0.0]"
2018-04-16 15:45:36.044165,-1134,29.3,"[1.5, 1.0, 0.0, 0.0]"
